-- phpMyAdmin SQL Dump
-- version 3.1.5
-- http://www.phpmyadmin.net
--
-- Serveur: twcc.sql.free.fr
-- Généré le : Lun 10 Mars 2014 à 03:26
-- Version du serveur: 5.0.83
-- Version de PHP: 5.3.9

SET SQL_MODE="NO_AUTO_VALUE_ON_ZERO";

--
-- Base de données: `twcc`
--

--
-- Contenu de la table `donors`
--

INSERT INTO `donors` (`don_code`, `don_name`, `don_creation_date`, `don_update_date`) VALUES
(1, 'Moshe Pinhas', '2013-05-16 16:37:42', '2013-05-16 16:37:42'),
(2, 'Gordon Foo', '2013-05-16 16:37:42', '2013-05-16 16:37:42'),
(3, 'Mickael BLANCHARD', '2013-05-16 16:37:42', '2013-05-16 16:37:42'),
(4, 'Mouha CHBAB', '2013-05-16 16:37:42', '2013-05-16 16:37:42'),
(5, 'Thierry Terrana', '2013-05-19 21:40:04', '2013-05-19 21:40:04'),
(6, 'Teresa Baldwin', '2013-05-22 21:16:44', '2013-05-22 21:16:44'),
(7, 'Monty Muth', '2013-06-01 19:29:29', '2013-06-01 19:29:29'),
(8, 'Yves Gagné', '2013-06-01 19:29:29', '2013-06-01 19:29:29'),
(9, 'Alessandro Fanna', '2013-06-09 19:05:32', '2013-06-09 19:05:32'),
(10, 'Estelle Rouillon', '2013-06-09 19:05:32', '2013-06-09 19:05:32'),
(11, 'Angel M Felicisimo', '2013-07-02 00:50:14', '2013-07-02 00:50:14'),
(12, 'Umberto Fracassi', '2013-07-02 00:50:14', '2013-07-02 00:50:14'),
(14, 'Alvaro Ramon Arizaga Castro', '2013-08-06 11:38:12', '2013-08-06 11:38:12'),
(15, 'Ian Mackay', '2013-08-06 11:38:12', '2013-08-06 11:38:12'),
(16, 'Sandrine Bassi', '2013-08-06 11:38:12', '2013-08-06 11:38:12'),
(17, 'Francois Deslauriers', '2013-10-08 03:45:17', '2013-10-08 03:45:17'),
(18, 'Kevin Singer', '2013-10-08 03:45:17', '2013-10-08 03:45:17'),
(19, 'Marco Moreno', '2013-10-11 03:52:59', '2013-10-11 03:52:59'),
(20, 'Noel Radcliffe', '2013-10-19 03:10:55', '2013-10-19 03:10:55'),
(21, 'Simon Wohlfahrt', '2013-10-23 03:26:03', '2013-10-23 03:26:03'),
(22, 'Callewaert Francis', '2013-11-17 23:12:54', '2013-11-17 23:12:54'),
(23, 'Gregory Sisiolo', '2013-11-17 23:12:54', '2013-11-17 23:12:54'),
(24, 'Margueritte Smith Clark', '2013-12-16 18:40:04', '2013-12-16 18:40:04'),
(25, 'Ségolène Maudet', '2013-12-16 18:40:04', '2013-12-16 18:40:04'),
(26, 'Dennis West', '2013-12-16 18:40:04', '2013-12-16 18:40:04'),
(27, 'Klaus Matuschek', '2013-12-20 19:17:57', '2013-12-20 19:17:57'),
(28, 'Anastasios Balian', '2014-01-03 06:19:33', '2014-01-03 06:19:33'),
(29, 'François Buscail', '2014-01-23 17:22:20', '2014-01-23 17:22:20'),
(30, 'Marco Tagliabue', '2014-01-27 16:25:42', '2014-01-27 16:25:42'),
(31, 'Christopher Leslie', '2014-01-30 17:57:02', '2014-01-30 17:57:02'),
(32, 'Mohamed Abdoullah Ebnou', '2014-02-01 23:06:21', '2014-02-01 23:06:21'),
(33, 'Greg Millington', '2014-02-19 01:11:28', '2014-02-19 01:11:28'),
(34, 'Mohamed Ryad Benchabana', '2014-02-19 01:11:28', '2014-02-19 01:11:28'),
(36, 'Olivier Bruzek', '2014-02-21 02:38:06', '2014-02-21 02:38:06'),
(37, 'Betsy Bryan', '2014-02-26 18:51:49', '2014-02-26 18:51:49'),
(38, 'Thierry Villet', '2014-02-28 23:57:54', '2014-02-28 23:57:54');

--
-- Contenu de la table `gifts`
--

INSERT INTO `gifts` (`gift_code`, `gift_emitted_value`, `gift_received_value`, `don_code`, `gift_creation_date`, `gift_update_date`, `gift_emition_date`) VALUES
(1, 10.00, 9.23, 1, '2013-05-16 16:37:42', '2013-05-16 16:37:42', '2013-04-11'),
(2, 10.00, 9.36, 2, '2013-05-16 16:37:42', '2013-05-16 16:37:42', '2013-05-02'),
(3, 5.00, 4.58, 3, '2013-05-16 16:37:42', '2013-05-16 16:37:42', '2013-05-03'),
(4, 5.00, 4.58, 4, '2013-05-16 16:37:42', '2013-05-16 16:37:42', '2013-05-14'),
(5, 30.00, 28.73, 5, '2013-05-19 21:41:23', '2013-05-19 21:41:23', '2013-05-17'),
(6, 15.00, 14.16, 6, '2013-05-22 21:18:18', '2013-05-22 21:18:18', '2013-05-22'),
(7, 80.00, 77.03, 7, '2013-06-01 19:31:46', '2013-06-01 19:31:46', '2013-05-31'),
(8, 1.00, 0.71, 8, '2013-06-01 19:31:46', '2013-06-01 19:31:46', '2013-06-01'),
(9, 5.00, 4.58, 9, '2013-06-09 19:06:59', '2013-06-09 19:06:59', '2013-06-03'),
(10, 5.00, 4.58, 10, '2013-06-09 19:06:59', '2013-06-09 19:06:59', '2013-06-05'),
(11, 12.00, 11.34, 11, '2013-07-02 00:52:14', '2013-07-02 00:52:14', '2013-07-01'),
(12, 2.00, 1.68, 12, '2013-07-02 00:52:14', '2013-07-02 00:52:14', '2013-07-01'),
(13, 10.00, 9.41, 14, '2013-08-06 11:39:46', '2013-08-06 11:39:46', '2013-07-18'),
(14, 20.00, 19.07, 15, '2013-08-06 11:39:46', '2013-08-06 11:39:46', '2013-07-28'),
(15, 5.00, 4.58, 16, '2013-08-06 11:40:21', '2013-08-06 11:40:21', '2013-08-05'),
(16, 5.00, 4.55, 17, '2013-10-08 03:47:15', '2013-10-08 03:47:15', '2013-09-27'),
(17, 20.00, 19.07, 18, '2013-10-08 03:47:15', '2013-10-08 03:47:15', '2013-10-02'),
(18, 10.00, 9.23, 19, '2013-10-11 03:54:10', '2013-10-11 03:54:10', '2013-10-11'),
(19, 10.00, 9.36, 20, '2013-10-19 03:12:05', '2013-10-19 03:12:05', '2013-10-16'),
(20, 10.00, 9.41, 21, '2013-10-23 03:26:39', '2013-10-23 03:26:39', '2013-10-22'),
(21, 15.00, 14.24, 22, '2013-11-17 23:15:05', '2013-11-17 23:15:05', '2013-11-12'),
(22, 20.00, 18.71, 23, '2013-11-17 23:15:05', '2013-11-17 23:15:05', '2013-11-16'),
(23, 5.00, 4.55, 24, '2013-12-16 18:42:22', '2013-12-16 18:42:22', '2013-11-27'),
(24, 10.00, 9.36, 26, '2013-12-16 18:42:22', '2013-12-16 18:42:22', '2013-11-30'),
(25, 5.00, 4.58, 25, '2013-12-16 18:42:22', '2013-12-16 18:42:22', '2013-12-03'),
(26, 50.00, 48.05, 27, '2013-12-20 19:19:01', '2013-12-20 19:19:01', '2013-12-20'),
(27, 2.00, 1.68, 28, '2014-01-03 06:20:15', '2014-01-03 06:20:15', '2013-12-25'),
(28, 10.00, 9.41, 29, '2014-01-23 17:25:59', '2014-01-23 17:25:59', '2014-01-23'),
(29, 2.00, 1.68, 30, '2014-01-27 16:26:22', '2014-01-27 16:26:22', '2014-01-27'),
(30, 5.00, 4.55, 31, '2014-01-30 17:57:51', '2014-01-30 17:57:51', '2014-01-30'),
(31, 50.00, 47.15, 32, '2014-02-01 23:07:01', '2014-02-01 23:07:01', '2014-02-01'),
(32, 10.00, 9.36, 33, '2014-02-19 01:12:50', '2014-02-19 01:12:50', '2014-02-12'),
(33, 10.00, 9.41, 34, '2014-02-19 01:12:50', '2014-02-19 01:12:50', '2014-02-13'),
(34, 35.00, 33.56, 36, '2014-02-21 02:39:06', '2014-02-21 02:39:06', '2014-02-20'),
(35, 3.00, 2.65, 12, '2014-02-25 18:20:21', '2014-02-25 18:20:21', '2014-02-25'),
(36, 50.00, 47.80, 37, '2014-02-26 18:52:29', '2014-02-26 18:52:29', '2014-02-26'),
(37, 10.00, 9.41, 38, '2014-02-28 23:58:33', '2014-02-28 23:58:33', '2014-02-28');

--
-- Contenu de la table `J_country_crs`
--

INSERT INTO `J_country_crs` (`Iso`, `Id_crs`) VALUES
('YT', 1),
('YT', 2),
('YT', 3),
('RE', 4),
('RE', 5),
('AE', 10),
('BD', 11),
('IL', 12),
('IL', 13),
('JP', 15),
('JP', 16),
('JP', 17),
('PH', 18),
('PH', 19),
('PH', 20),
('UZ', 21),
('UZ', 22),
('UZ', 23),
('VN', 24),
('VN', 25),
('VN', 26),
('VN', 27),
('AU', 28),
('AU', 29),
('PF', 32),
('PF', 33),
('PF', 34),
('PF', 35),
('NZ', 36),
('NZ', 37),
('NZ', 38),
('NZ', 39),
('NZ', 40),
('NZ', 41),
('BE', 43),
('BE', 44),
('BG', 45),
('BG', 46),
('CZ', 47),
('EE', 48),
('EE', 49),
('EE', 50),
('EE', 51),
('FI', 52),
('FR', 53),
('FR', 54),
('FR', 55),
('FR', 56),
('FR', 57),
('FR', 58),
('FR', 59),
('FR', 60),
('FR', 61),
('FR', 62),
('FR', 63),
('FR', 64),
('FR', 65),
('FR', 66),
('FR', 67),
('FR', 68),
('FR', 69),
('DE', 70),
('DE', 71),
('DE', 72),
('DE', 73),
('DE', 74),
('DE', 75),
('DE', 76),
('DE', 77),
('DE', 78),
('DE', 79),
('DE', 80),
('DE', 81),
('DE', 82),
('GB', 83),
('GB', 84),
('GB', 85),
('GR', 86),
('GR', 87),
('HU', 88),
('IT', 89),
('IT', 90),
('IT', 91),
('LV', 92),
('LV', 93),
('LV', 94),
('LT', 95),
('LU', 96),
('LU', 97),
('NL', 98),
('NL', 99),
('NL', 100),
('NO', 101),
('PL', 102),
('PL', 103),
('PL', 104),
('PL', 105),
('PL', 106),
('PL', 107),
('PL', 108),
('PT', 109),
('PT', 110),
('PT', 111),
('PT', 112),
('PT', 113),
('PT', 114),
('PT', 115),
('PT', 116),
('PT', 117),
('RO', 118),
('RO', 119),
('RU', 120),
('SI', 122),
('ES', 123),
('SE', 124),
('SE', 125),
('CH', 126),
('CH', 127),
('CH', 128),
('CH', 129),
('CA', 131),
('CA', 132),
('CA', 133),
('PM', 134),
('PM', 135),
('AS', 137),
('US', 138),
('GP', 140),
('GP', 141),
('GF', 142),
('GF', 143),
('MQ', 144),
('MQ', 145),
('UY', 146),
('UY', 147),
('UY', 148),
('MA', 151),
('MA', 152),
('GB', 278),
('LB', 154),
('BE', 155),
('CR', 156),
('CR', 157),
('CR', 158),
('CR', 159),
('CR', 160),
('CR', 161),
('CR', 162),
('CR', 163),
('FR', 164),
('FR', 165),
('AR', 166),
('AR', 167),
('AR', 168),
('AR', 169),
('AR', 170),
('AR', 171),
('AR', 172),
('AR', 173),
('AR', 174),
('HR', 175),
('HR', 176),
('HR', 177),
('HR', 178),
('BE', 179),
('BE', 180),
('BE', 181),
('US', 182),
('US', 183),
('US', 184),
('US', 185),
('US', 186),
('US', 187),
('CO', 192),
('CO', 193),
('CO', 194),
('CO', 195),
('CO', 196),
('CO', 197),
('CO', 198),
('CO', 199),
('CO', 200),
('HR', 201),
('HR', 202),
('HR', 203),
('HR', 204),
('EG', 205),
('EG', 206),
('EG', 207),
('EG', 208),
('EG', 209),
('EG', 210),
('HU', 212),
('HU', 213),
('IT', 214),
('IT', 215),
('JO', 216),
('MG', 217),
('MY', 218),
('MY', 219),
('MY', 220),
('MY', 221),
('PT', 222),
('RU', 223),
('RU', 224),
('RU', 225),
('SG', 226),
('US', 227),
('US', 228),
('US', 229),
('US', 230),
('US', 231),
('US', 232),
('US', 233),
('US', 234),
('US', 277),
('US', 276),
('US', 275),
('SD', 274),
('ET', 274),
('ER', 274),
('CA', 273),
('CA', 272),
('CA', 271),
('CA', 270),
('CA', 269),
('CA', 268),
('CA', 267),
('CA', 266),
('CA', 265),
('CA', 264),
('CA', 263),
('CA', 262),
('CA', 261),
('CA', 260),
('CA', 259),
('CA', 258),
('CA', 257),
('US', 256),
('US', 255),
('US', 254),
('SE', 253),
('SE', 252),
('SE', 251),
('DZ', 250),
('TN', 249),
('TN', 248),
('TN', 247),
('TN', 246),
('FR', 245),
('MZ', 243),
('NZ', 242),
('UG', 241),
('KE', 241),
('TZ', 241),
('UG', 240),
('KE', 240),
('TZ', 240),
('FR', 239),
('SY', 238),
('LB', 238),
('AQ', 237),
('AU', 279),
('ZA', 280),
('MU', 281),
('PR', 282),
('VG', 282),
('VI', 282),
('SV', 285),
('US', 286),
('US', 305),
('CA', 287),
('GB', 289),
('SO', 290),
('ZA', 304),
('JM', 291),
('EE', 293),
('US', 294),
('BN', 295),
('MY', 295),
('BN', 296),
('MY', 296),
('AU', 297),
('EE', 299),
('DZ', 300),
('DZ', 301),
('GB', 302),
('US', 303),
('KP', 306),
('GT', 307),
('PL', 308),
('PL', 309),
('CI', 310),
('ID', 311),
('FI', 313),
('FI', 314),
('FI', 315),
('FI', 316),
('FI', 317),
('MX', 318),
('ZA', 319),
('AU', 320),
('ZA', 321),
('ZA', 322),
('ZA', 323),
('LK', 324),
('LK', 325),
('MR', 326),
('MR', 327),
('MR', 328),
('ZA', 329);

--
-- Contenu de la table `T_country`
--

INSERT INTO `T_country` (`Iso`, `Latitude`, `Longitude`, `Native_name`, `En_name`, `Fr_name`, `Es_name`, `De_name`, `It_name`, `Pl_name`, `Vi_name`) VALUES
('AD', 42.54624500000000000000, 1.60155400000000000000, 'Andorra', 'Andorra', 'Andorre', 'Andorra', 'Andorra', 'Andorra', 'Andora', 'Andorra'),
('AE', 23.42407600000000000000, 53.84781800000000000000, '???????? ??????? ???????', 'United Arab Emirates', 'Emirats Arabes Unis', 'Emiratos Árabes Unidos', 'Vereinigte Arabische Emirate', 'Emirati Arabi Uniti', 'Zjednoczone Emiraty Arabskie', 'Các ti?u vuong qu?c ? R?p'),
('AF', 33.93911000000000000000, 67.70995300000000000000, '?????????', 'Afghanistan', 'Afghanistan', 'Afganistán', 'Afghanistan', 'Afghanistan', 'Afganistan', 'Afghanistan'),
('AG', 17.06081600000000000000, -61.79642800000000000000, 'Antigua and Barbuda', 'Antigua And Barbuda', 'Antigua Et Barbuda', 'Antigua y Barbuda', 'Antigua und Barbuda', 'Antigua e Barbuda', 'Antigua i Barbuda', 'Antigua And Barbuda'),
('AI', 18.22055400000000000000, -63.06861500000000000000, 'Anguilla', 'Anguilla', 'Anguilla', 'Anguila', 'Anguilla', 'Anguilla', 'Anguilla', 'Anguilla'),
('AL', 41.15333200000000000000, 20.16833100000000000000, 'Shqipëria', 'Albania', 'Albanie', 'Albania', 'Albanien', 'Albania', 'Albania', 'Albania'),
('AM', 40.06909900000000000000, 45.03818900000000000000, '????????', 'Armenia', 'Arménie', 'Armenia', 'Armenien', 'Armenia', 'Armenia', 'Armenia'),
('AN', 12.22607900000000000000, -69.06008700000000000000, 'Nederlandse Antillen', 'Netherlands Antilles', 'Antilles Néerlandaises', 'Antillas Neerlandesas', 'Niederländische Antillen', 'Antille Olandesi', 'Antyle Holenderskie', 'Antilles Hà Lan'),
('AO', -11.20269200000000000000, 17.87388700000000000000, 'Angola', 'Angola', 'Angola', 'Angola', 'Angola', 'Angola', 'Angola', 'An-gô-la'),
('AQ', -75.25097300000000000000, -0.07138900000000000000, 'Antarctica', 'Antarctica', 'Antarctique', 'Antártida', 'Antarktis', 'Antartide', 'Antarktyda', 'Nam c?c'),
('AR', -38.41609700000000000000, -63.61667200000000000000, 'Argentina', 'Argentina', 'Argentine', 'Argentina', 'Argentinien', 'Argentina', 'Argentyna', 'Argentina'),
('AS', -14.27097200000000000000, -170.13221700000000000000, 'American Samoa', 'American Samoa', 'Samoa Américaines', 'Samoa Americana', 'Amerikanisch-Samoa', 'Samoa Americane', 'Samoa Amerykanskie', 'Samoa thu?c M?'),
('AT', 47.51623100000000000000, 14.55007200000000000000, 'Österreich', 'Austria', 'Autriche', 'Austria', 'Österreich', 'Austria', 'Austria', 'Áo'),
('AU', -25.27439800000000000000, 133.77513600000000000000, 'Australia', 'Australia', 'Australie', 'Australia', 'Australien', 'Australia', 'Australia', 'Úc'),
('AW', 12.52111000000000000000, -69.96833800000000000000, 'Aruba', 'Aruba', 'Aruba', 'Aruba', 'Aruba', 'Aruba', 'Aruba', 'Aruba'),
('AX', 60.17700200000000000000, 19.91500200000000000000, 'Åland', 'Aland Islands', 'Iles Aland', 'Åland', 'Åland', 'Åland', 'Wyspy Alandzkie', 'Qu?n d?o Aland'),
('AZ', 40.14310500000000000000, 47.57692700000000000000, 'Az?rbaycan', 'Azerbaijan', 'Azerbaïdjan', 'Azerbaiyán', 'Aserbaidschan', 'Azerbaijan', 'Azerbejdzan', 'Azerbaijan'),
('BA', 43.91588600000000000000, 17.67907600000000000000, 'Bosna i Hercegovina', 'Bosnia And Herzegovina', 'Bosnie-Herzégovine', 'Bosnia y Herzegovina', 'Bosnien und Herzegowina', 'Bosnia ed Erzegovina', 'Bosnia i Hercegowina', 'Bosnia và Herzegovina'),
('BB', 13.19388700000000000000, -59.54319800000000000000, 'Barbados', 'Barbados', 'Barbade', 'Barbados', 'Barbados', 'Barbados', 'Barbados', 'Barbados'),
('BD', 23.68499400000000000000, 90.35633100000000000000, '????????', 'Bangladesh', 'Bangladesh', 'Bangladesh', 'Bangladesch', 'Bangladesh', 'Bangladesz', 'Bang-La-Ðét'),
('BE', 50.50388700000000000000, 4.46993600000000000000, 'België', 'Belgium', 'Belgique', 'Bélgica', 'Belgien', 'Belgio', 'Belgia', 'B?'),
('BF', 12.23833300000000000000, -1.56159300000000000000, 'Burkina Faso', 'Burkina Faso', 'Burkina Faso', 'Burkina Faso', 'Burkina Faso', 'Burkina Faso', 'Burkina Faso', 'Burkina Faso'),
('BG', 42.73388300000000000000, 25.48583000000000000000, '????????', 'Bulgaria', 'Bulgarie', 'Bulgaria', 'Bulgarien', 'Bulgaria', 'Bulgaria', 'Bun-ga-ri'),
('BH', 25.93041400000000000000, 50.63777200000000000000, '???????', 'Bahrain', 'Bahreïn', 'Bahréin', 'Bahrain', 'Bahrain', 'Bahrajn', 'Ba Ranh'),
('BI', -3.37305600000000000000, 29.91888600000000000000, 'Burundi', 'Burundi', 'Burundi', 'Burundi', 'Burundi', 'Burundi', 'Burundi', 'Burundi'),
('BJ', 9.30769000000000000000, 2.31583400000000000000, 'Bénin', 'Benin', 'Bénin', 'Benín', 'Benin', 'Benin', 'Benin', 'Benin'),
('BL', 17.90051340000000000000, -62.82058710000000000000, 'Saint-Barthélemy', 'Saint Barthélemy', 'Saint-Barthélemy', 'San Bartolomé', 'St. Barthélemy', 'Saint-Barthélemy', 'Saint-Barthélemy', 'Saint Barthelemy'),
('BM', 32.32138400000000000000, -64.75737000000000000000, 'Bermuda', 'Bermuda', 'Bermudes', 'Bermudas', 'Bermudas', 'Bermuda', 'Bermudy', 'Béc Mu Ða'),
('BN', 4.53527700000000000000, 114.72766900000000000000, 'Brunei', 'Brunei Darussalam', 'Brunéi Darussalam', 'Brunéi', 'Brunei', 'Brunei', 'Brunei', 'Brunei '),
('BO', -16.29015400000000000000, -63.58865300000000000000, 'Bolivia', 'Bolivia', 'Bolivie', 'Bolivia', 'Bolivien', 'Bolivia', 'Boliwia', 'Bolivia'),
('BR', -14.23500400000000000000, -51.92528000000000000000, 'Brasil', 'Brazil', 'Brésil', 'Brasil', 'Brasilien', 'Brasile', 'Brazylia', 'Brazil'),
('BS', 25.03428000000000000000, -77.39628000000000000000, 'The Bahamas', 'Bahamas', 'Bahamas', 'Bahamas', 'Bahamas', 'Bahamas', 'Bahamy', 'Bahamas'),
('BT', 27.51416200000000000000, 90.43360100000000000000, '??????????', 'Bhutan', 'Bhoutan', 'Bután', 'Bhutan', 'Bhutan', 'Bhutan', 'Bhutan'),
('BV', -54.42319900000000000000, 3.41319400000000000000, 'Bouvetøya', 'Bouvet Island', 'Bouvet, Île', 'Isla Bouvet', 'Bouvetinsel', 'Isola Bouvet', 'Wyspa Bouveta', 'Ð?o Bouvet'),
('BW', -22.32847400000000000000, 24.68486600000000000000, 'Botswana', 'Botswana', 'Botswana', 'Botsuana', 'Botsuana', 'Botswana', 'Botswana', 'Botswana'),
('BY', 53.70980700000000000000, 27.95338900000000000000, '????????', 'Belarus', 'Bélarus', 'Bielorrusia', 'Weißrussland', 'Bielorussia', 'Bialorus', 'Belarus'),
('BZ', 17.18987700000000000000, -88.49765000000000000000, 'Belize', 'Belize', 'Belize', 'Belice', 'Belize', 'Belize', 'Belize', 'Belize'),
('CA', 56.13036600000000000000, -106.34677100000000000000, 'Canada', 'Canada', 'Canada', 'Canadá', 'Kanada', 'Canada', 'Kanada', 'Canada'),
('CC', -12.16897750000000000000, 96.83108020000000000000, 'Cocos (Keeling) Islands', 'Cocos (Keeling) Islands', 'Iles Cocos (Keeling)', 'Islas Cocos', 'Cocos (Keeling) Inseln', 'Isole Cocos (Keeling)', 'Wyspy Kokosowe', 'Qu?n d?o Cocos'),
('CD', NULL, NULL, 'Rep. Dem. du Congo', 'Congo, The Dem. Rep. of', 'Congo, Rép. Dém. Du', 'República Democrática del Congo', 'Demokratische Republik Kongo', 'Repubblica Democratica del Congo', 'Demokratyczna Republika Konga', 'C?ng hòa dân ch? Công gô'),
('CF', 6.61111100000000000000, 20.93944400000000000000, 'République Centrafricaine', 'Central African Republic', 'République Centrafricaine', 'República Centroafricana', 'Zentralafrikanische Republik', 'Repubblica Centrafricana', 'Republika Srodkowoafrykanska', 'C?ng hòa Trung Phi'),
('CG', -0.22802100000000000000, 15.82765900000000000000, 'Rep. du Congo', 'Congo', 'Congo', 'República del Congo', 'Republik Kongo', 'Repubblica del Congo', 'Kongo', 'Công-gô'),
('CH', 46.81818800000000000000, 8.22751200000000000000, 'Schweiz', 'Switzerland', 'Suisse', 'Suiza', 'Schweiz', 'Svizzera', 'Szwajcaria', 'Th?y S?'),
('CI', 7.53998900000000000000, -5.54708000000000000000, 'Côte DIvoire', 'Côte dIvoire', 'Côte dIvoire', 'Costa de Marfil', 'Elfenbeinküste', 'Costa dAvorio', 'Wybrzeze Kosci Sloniowej', 'B? Bi?n Ngà'),
('CK', -21.23673600000000000000, -159.77767100000000000000, 'Cook Islands', 'Cook Islands', 'Iles Cook', 'Islas Cook', 'Cookinseln', 'Isole Cook', 'Wyspy Cooka', 'Qu?n d?o Cook'),
('CL', -35.67514700000000000000, -71.54296900000000000000, 'Chile', 'Chile', 'Chili', 'Chile', 'Chile', 'Cile', 'Chile', 'Chile'),
('CM', 7.36972200000000000000, 12.35472200000000000000, 'Cameroon', 'Cameroon', 'Cameroun', 'Camerún', 'Kamerun', 'Camerun', 'Kamerun', 'Cameroon'),
('CN', 35.86166000000000000000, 104.19539700000000000000, '??', 'China', 'Chine', 'China', 'Republik China (Taiwan)', 'Cina (Repubblica Popolare)', 'Chiny', 'Trung Qu?c'),
('CO', 4.57086800000000000000, -74.29733300000000000000, 'Colombia', 'Colombia', 'Colombie', 'Colombia', 'Kolumbien', 'Colombia', 'Kolumbia', 'Colombia'),
('CR', 9.74891700000000000000, -83.75342800000000000000, 'Costa Rica', 'Costa Rica', 'Costa Rica', 'Costa Rica', 'Costa Rica', 'Costa Rica', 'Kostaryka', 'Costarica'),
('CU', 21.52175700000000000000, -77.78116700000000000000, 'Cuba', 'Cuba', 'Cuba', 'Cuba', 'Kuba', 'Cuba', 'Kuba', 'Cuba'),
('CV', 16.00208200000000000000, -24.01319700000000000000, 'Cabo Verde', 'Cape Verde', 'Cap-Vert', 'Cabo Verde', 'Kap Verde', 'Capo Verde', 'Republika Zielonego Przyladka', 'Cape Verde'),
('CX', -10.44752500000000000000, 105.69044900000000000000, 'Christmas Island', 'Christmas Island', 'Ile Christmas', 'Isla de Navidad', 'Weihnachtsinsel', 'Isola di Natale', 'Wyspa Bozego Narodzenia', 'Ð?o Christmas'),
('CY', 35.12641300000000000000, 33.42985900000000000000, 'Kibris', 'Cyprus', 'Chypre', 'Chipre', 'Zypern', 'Cipro', 'Cypr', 'Ð?o Síp'),
('CZ', 49.81749200000000000000, 15.47296200000000000000, 'Ceská republika', 'Czech Republic', 'République Tchèque', 'República Checa', 'Tschechien', 'Repubblica Ceca', 'Republika Czeska', 'C?ng hòa Séc'),
('DE', 51.16569100000000000000, 10.45152600000000000000, 'Deutschland', 'Germany', 'Allemagne', 'Alemania', 'Deutschland', 'Germania', 'Niemcy', 'Ð?c'),
('DJ', 11.82513800000000000000, 42.59027500000000000000, 'Djibouti', 'Djibouti', 'Djibouti', 'Yibuti', 'Dschibuti', 'Gibuti', 'Dzibuti', 'Djibouti'),
('DK', 56.26392000000000000000, 9.50178500000000000000, 'Danmark', 'Denmark', 'Danemark', 'Dinamarca', 'Dänemark', 'Danimarca', 'Dania', 'Ðan M?ch'),
('DM', 15.41499900000000000000, -61.37097600000000000000, 'Dominica', 'Dominica', 'Dominique', 'Dominica', 'Dominica', 'Dominica', 'Dominika', 'Dominica'),
('DO', 18.73569300000000000000, -70.16265100000000000000, 'Rep. Dominicana', 'Dominican Republic', 'République Dominicaine', 'República Dominicana', 'Dominikanische Republik', 'Repubblica Dominicana', 'Republika Dominikanska', 'C?ng hòa Dominican'),
('DZ', 28.03388600000000000000, 1.65962600000000000000, 'Al-Jaza''ir', 'Algeria', 'Algérie', 'Argelia', 'Algerien', 'Algeria', 'Algieria', 'Angeria'),
('EC', -1.83123900000000000000, -78.18340600000000000000, 'Ecuador', 'Ecuador', 'Equateur', 'Ecuador', 'Ecuador', 'Ecuador', 'Ekwador', 'Ecuador'),
('EE', 58.59527200000000000000, 25.01360700000000000000, 'Eesti', 'Estonia', 'Estonie', 'Estonia', 'Estland', 'Estonia', 'Estonia', 'Estonia'),
('EG', 26.82055300000000000000, 30.80249800000000000000, '???', 'Egypt', 'Egypte', 'Egipto', 'Ägypten', 'Egitto', 'Egipt', 'Ai c?p'),
('EH', 24.21552700000000000000, -12.88583400000000000000, '??????? ???????', 'Western Sahara', 'Sahara Occidental', 'Sahara Occidental', 'Demokratische Arabische Republik Sahara', 'Sahara Occidentale', 'Sahara Zachodnia', 'Tây Sahara'),
('ER', 15.17938400000000000000, 39.78233400000000000000, 'Ertra', 'Eritrea', 'Erythrée', 'Eritrea', 'Eritrea', 'Eritrea', 'Erytrea', 'Eritrea'),
('ES', 40.46366700000000000000, -3.74922000000000000000, 'España', 'Spain', 'Espagne', 'España', 'Spanien', 'Spagna', 'Hiszpania', 'Tây Ban Nha'),
('ET', 9.14500000000000000000, 40.48967300000000000000, 'Ityop''iya', 'Ethiopia', 'Ethiopie', 'Etiopía', 'Äthiopien', 'Etiopia', 'Etiopia', 'Ethiopia'),
('FI', 61.92411000000000000000, 25.74815100000000000000, 'Suomi', 'Finland', 'Finlande', 'Finlandia', 'Finnland', 'Finlandia', 'Finlandia', 'Ph?n Lan'),
('FJ', -16.57819300000000000000, 179.41441300000000000000, 'Fiji', 'Fiji', 'Fidji', 'Fiyi', 'Fidschi', 'Figi', 'Fidzi', 'Fiji'),
('FK', -51.58480860000000000000, -59.77611860000000000000, 'Falkland Islands', 'Falkland Islands (Malvinas)', 'Iles Falkland (Malvinas)', 'Islas Malvinas', 'Falklandinseln (Malvinas)', 'Isole Falkland', 'Falklandy (Malwiny)', 'Qu?n d?o Falkland (Malvinas)'),
('FM', 7.42555400000000000000, 150.55081200000000000000, 'Micronesia', 'Micronesia', 'Micronésie', 'Micronesia', 'Mikronesien', 'Stati Federati di Micronesia', 'Mikronezja', 'Micronesia'),
('FO', 61.89263500000000000000, -6.91180600000000000000, 'Føroyar', 'Faroe Islands', 'Féroé, Îles', 'Islas Feroe', 'Färöer', 'Isole Fær Øer', 'Wyspy Owcze', 'Qu?n d?o Faroe'),
('FR', 46.22763800000000000000, 2.21374900000000000000, 'France', 'France', 'France', 'Francia', 'Frankreich', 'Francia', 'Francja', 'Pháp'),
('GA', -0.80368900000000000000, 11.60944400000000000000, 'Gabon', 'Gabon', 'Gabon', 'Gabón', 'Gabun', 'Gabon', 'Gabon', 'Gabon'),
('GB', 55.37805100000000000000, -3.43597300000000000000, 'United Kingdom', 'United Kingdom', 'Royaume-Uni', 'Reino Unido', 'Vereinigtes Königreich', 'Regno Unito', 'Wielka Brytania', 'Vuong qu?c Anh'),
('GD', 12.26277600000000000000, -61.60417100000000000000, 'Grenada', 'Grenada', 'Grenade', 'Granada', 'Grenada', 'Grenada', 'Grenada', 'Grenada'),
('GE', 32.15743510000000000000, -82.90712300000000000000, '??????????', 'Georgia', 'Géorgie', 'Georgia', 'Georgien', 'Georgia', 'Gruzja', 'Gru-zi-a'),
('GF', 3.93388900000000000000, -53.12578200000000000000, 'Guyane française', 'French Guiana', 'Guyane Française', 'Guayana Francesa', 'Französisch Guayana', 'Guiana Francese', 'Gujana Francuska', 'Guiana thu?c Pháp'),
('GG', 49.46569100000000000000, -2.58527800000000000000, 'Guernsey', 'Guernsey', 'Guernesey', 'Guernsey', 'Guernsey', 'Guernsey', 'Guernsey', 'Guernsey'),
('GH', 7.94652700000000000000, -1.02319400000000000000, 'Ghana', 'Ghana', 'Ghana', 'Ghana', 'Ghana', 'Ghana', 'Ghana', 'Ghana'),
('GI', 36.13774100000000000000, -5.34537400000000000000, 'Gibraltar', 'Gibraltar', 'Gibraltar', 'Gibraltar', 'Gibraltar', 'Gibilterra', 'Gibraltar', 'Gibraltar'),
('GL', 71.70693600000000000000, -42.60430300000000000000, 'Grønlands', 'Greenland', 'Groenland', 'Groenlandia', 'Grönland', 'Groenlandia', 'Grenlandia', 'Greenland'),
('GM', 13.44318200000000000000, -15.31013900000000000000, 'The Gambia', 'Gambia', 'Gambie', 'Gambia', 'Gambia', 'Gambia', 'Gambia', 'Gambia'),
('GN', 9.94558700000000000000, -9.69664500000000000000, 'République de Guinée', 'Guinea', 'Guinée', 'Guinea', 'Guinea', 'Guinea', 'Gwinea', 'Ghi-nê'),
('GP', 16.99597100000000000000, -62.06764100000000000000, 'Guadeloupe', 'Guadeloupe', 'Guadeloupe', 'Guadalupe', 'Guadeloupe', 'Guadalupa', 'Gwadelupa', 'Guadeloupe'),
('GQ', 1.65080100000000000000, 10.26789500000000000000, 'República de Guinea Ecuatorial', 'Equatorial Guinea', 'Guinée Équatoriale', 'Guinea Ecuatorial', 'Äquatorialguinea', 'Guinea Equatoriale', 'Gwinea Równikowa', 'Ghi-nê xích d?o'),
('GR', 39.07420800000000000000, 21.82431200000000000000, '?????', 'Greece', 'Grèce', 'Grecia', 'Griechenland', 'Grecia', 'Grecja', 'Hy L?p'),
('GS', -54.42957900000000000000, -36.58790900000000000000, 'South Georgia and the South Sandwich Islands', 'South Georgia and the South Sandwich Islands', 'Géorgie Du Sud Et Les Îles Sandwich du sud', 'Islas Georgias del Sur y Sandwich del Sur', 'Südgeorgien und die Südlichen Sandwichinseln', 'Georgia del Sud e isole Sandwich', 'Georgia Poludniowa i Sandwich Poludniowy', 'Nam Gru-zi-a và qu?n dào Nam Sandwich'),
('GT', 15.78347100000000000000, -90.23075900000000000000, 'Guatemala', 'Guatemala', 'Guatemala', 'Guatemala', 'Guatemala', 'Guatemala', 'Gwatemala', 'Guatemala'),
('GU', 13.44430400000000000000, 144.79373100000000000000, 'Guåhån', 'Guam', 'Guam', 'Guam', 'Guam', 'Guam', 'Guam', 'Guam'),
('GW', 11.80374900000000000000, -15.18041300000000000000, 'República da Guiné-Bissau', 'Guinea-Bissau', 'Guinée-Bissau', 'Guinea-Bissau', 'Guinea-Bissau', 'Guinea-Bissau', 'Gwinea Bissau', 'Guinea-Bissau'),
('GY', 4.86041600000000000000, -58.93018000000000000000, 'Guyana', 'Guyana', 'Guyana', 'Guyana', 'Guyana', 'Guyana', 'Gujana', 'Guyana'),
('HK', 22.39642800000000000000, 114.10949700000000000000, '??', 'Hong Kong', 'Hong-Kong', 'Hong Kong', 'Hongkong', 'Hong Kong', 'Hongkong', 'H?ng Kông'),
('HM', NULL, NULL, 'Heard Island And Mcdonald Island', 'Heard Island And Mcdonald Island', 'Ile Heard  Et Ile Mcdonald', 'Islas Heard y McDonald', 'Heard und McDonald-Inseln', 'Isole Heard e McDonald', 'Wyspy Heard i McDonalda', 'Ð?o Heard và Ð?o McDonald'),
('HN', 15.19999900000000000000, -86.24190500000000000000, 'Honduras', 'Honduras', 'Honduras', 'Honduras', 'Honduras', 'Honduras', 'Honduras', 'Honduras'),
('HR', 45.10000000000000000000, 15.20000000000000000000, 'Hrvatska', 'Croatia', 'Croatie', 'Croacia', 'Kroatien', 'Croazia', 'Chorwacja', 'Croatia'),
('HT', 18.97118700000000000000, -72.28521500000000000000, 'Haïti', 'Haiti', 'Haïti', 'Haití', 'Haiti', 'Haiti', 'Haiti', 'Haiti'),
('HU', 47.16249400000000000000, 19.50330400000000000000, 'Magyarország', 'Hungary', 'Hongrie', 'Hungría', 'Ungarn', 'Ungheria', 'Wegry', 'Hungary'),
('ID', -0.78927500000000000000, 113.92132700000000000000, 'Indonesia', 'Indonesia', 'Indonésie', 'Indonesia', 'Indonesien', 'Indonesia', 'Indonezja', 'Indonesia'),
('IE', 53.41291000000000000000, -8.24389000000000000000, 'Ireland', 'Ireland', 'Irlande', 'Irlanda', 'Irland', 'Irlanda', 'Irlandia', 'Ai-Len'),
('IL', 31.04605100000000000000, 34.85161200000000000000, '?????', 'Israel', 'Israël', 'Israel', 'Israel', 'Israele', 'Izrael', 'Israel'),
('IM', 54.23610700000000000000, -4.54805600000000000000, 'Isle of Man', 'Isle Of Man', 'Ile De Man', 'Isla de Man', 'Isle Of Man', 'Isola di Man', 'Wyspa Man', 'Ð?o Man'),
('IN', 20.59368400000000000000, 78.96288000000000000000, 'India', 'India', 'Inde', 'India', 'Indien', 'India', 'Indie', '?n Ð?'),
('IO', -6.34319400000000000000, 71.87651900000000000000, 'British Indian Ocean Territory', 'British Indian Ocean Territory', 'Océan Indien', 'Territorio Británico del Océano Índico', 'Britisches Territorium im Indischen Ozean', 'Territorio Britannico dellOceano Indiano', 'Brytyjskie Terytorium Oceanu Indyjskiego', 'Lãnh th? d?i duong Anh ?n'),
('IQ', 33.22319100000000000000, 43.67929100000000000000, '??????? ??????', 'Iraq', 'Iraq', 'Iraq', 'Irak', 'Iraq', 'Irak', 'I - R?c'),
('IR', 32.42790800000000000000, 53.68804600000000000000, '?????', 'Iran', 'Iran', 'Irán', 'Iran', 'Iran', 'Iran', 'I - Ran'),
('IS', 64.96305100000000000000, -19.02083500000000000000, 'Ísland', 'Iceland', 'Islande', 'Islandia', 'Island', 'Islanda', 'Islandia', 'Ai xo len'),
('IT', 41.87194000000000000000, 12.56738000000000000000, 'Italia', 'Italy', 'Italie', 'Italia', 'Italien', 'Italia', 'Wlochy', 'Ý'),
('JE', 49.21443900000000000000, -2.13125000000000000000, 'Jersey', 'Jersey', 'Jersey', 'Jersey', 'Jersey', 'Jersey', 'Jersey', 'Jersey'),
('JM', 18.10958100000000000000, -77.29750800000000000000, 'Jamaica', 'Jamaica', 'Jamaïque', 'Jamaica', 'Jamaika', 'Giamaica', 'Jamajka', 'Jamaica'),
('JO', 30.58516400000000000000, 36.23841400000000000000, '??????', 'Jordan', 'Jordanie', 'Jordania', 'Jordanien', 'Giordania', 'Jordania', 'Jordan'),
('JP', 36.20482400000000000000, 138.25292400000000000000, '??', 'Japan', 'Japon', 'Japón', 'Japan', 'Giappone', 'Japonia', 'Nh?t'),
('KE', -0.02355900000000000000, 37.90619300000000000000, 'Kenya', 'Kenya', 'Kenya', 'Kenia', 'Kenia', 'Kenya', 'Kenia', 'Kenya'),
('KG', 41.20438000000000000000, 74.76609800000000000000, '??????????', 'Kyrgyzstan', 'Kirghizistan', 'Kirguistán', 'Kirgisistan', 'Kirghizistan', 'Kirgistan', 'Ku ro g?t stan'),
('KH', 12.56567900000000000000, 104.99096300000000000000, 'Kampuchea', 'Cambodia', 'Cambodge', 'Camboya', 'Kambodscha', 'Cambogia', 'Kambodza', 'Cam pu chia'),
('KI', -3.37041700000000000000, -168.73403900000000000000, 'Kiribati', 'Kiribati', 'Kiribati', 'Kiribati', 'Kiribati', 'Kiribati', 'Kiribati', 'Kiribati'),
('KM', -11.87500100000000000000, 43.87221900000000000000, '??? ?????', 'Comoros', 'Comores', 'Comoras', 'Komoren', 'Comore', 'Komory', 'Comoros'),
('KN', 17.35782200000000000000, -62.78299800000000000000, 'Saint Kitts And Nevis', 'Saint Kitts And Nevis', 'Saint-Kitts-Et-Nevis', 'San Cristóbal y Nieves', 'St. Kitts und Nevis', 'Saint Kitts e Nevis', 'Saint Kitts i Nevis', 'Saint Kitts And Nevis'),
('KP', NULL, NULL, '??????????? - ????', 'Korea, Dem. Peoples Rep.', 'Corée, Rép. Pop. Démo', 'Corea del Norte', 'Nordkorea', 'Corea del Nord', 'Korea Pólnocna', 'B?c Tri?u Tiên'),
('KR', NULL, NULL, '??', 'Korea, Rep. Of', 'Corée, Rép. De', 'Corea del Sur', 'Südkorea', 'Corea del Sud', 'Korea Poludniowa', 'Nam Tri?u Tiên'),
('KW', 29.31166000000000000000, 47.48176600000000000000, '???? ???????', 'Kuwait', 'Koweït', 'Kuwait', 'Kuwait', 'Kuwait', 'Kuwejt', 'Cô-Oét'),
('KY', 19.51346900000000000000, -80.56695600000000000000, 'Cayman Islands', 'Cayman Islands', 'Iles Caïmanes', 'Islas Caimán', 'Kaimaninseln', 'Isole Cayman', 'Kajmany', 'Qu?n d?o Cayman'),
('KZ', 48.01957300000000000000, 66.92368400000000000000, '?????????', 'Kazakhstan', 'Kazakhstan', 'Kazajistán', 'Kasachstan', 'Kazakistan', 'Kazachstan', 'Ka z?c stan'),
('LA', 19.85627000000000000000, 102.49549600000000000000, '???', 'Lao', 'Laos', 'Laos', 'Laos', 'Laos', 'Laos', 'Lào'),
('LB', 33.85472100000000000000, 35.86228500000000000000, '?????', 'Lebanon', 'Liban', 'Líbano', 'Libanon', 'Libano', 'Liban', 'Lebanon'),
('LC', 13.90944400000000000000, -60.97889300000000000000, 'Saint Lucia', 'Saint Lucia', 'Sainte-Lucie', 'Santa Lucía', 'St. Lucia', 'Santa Lucia', 'Saint Lucia', 'Saint Lucia'),
('LI', 47.16600000000000000000, 9.55537300000000000000, 'Liechtenstein', 'Liechtenstein', 'Liechtenstein', 'Liechtenstein', 'Liechtenstein', 'Liechtenstein', 'Liechtenstein', 'Liechtenstein'),
('LK', 7.87305400000000000000, 80.77179700000000000000, 'Sri Lanka', 'Sri Lanka', 'Sri Lanka', 'Sri Lanka', 'Sri Lanka', 'Sri Lanka', 'Sri Lanka', 'Sri Lanka'),
('LR', 6.42805500000000000000, -9.42949900000000000000, 'Liberia', 'Liberia', 'Libéria', 'Liberia', 'Liberia', 'Liberia', 'Liberia', 'Liberia'),
('LS', -29.60998800000000000000, 28.23360800000000000000, 'Lesotho', 'Lesotho', 'Lesotho', 'Lesoto', 'Lesotho', 'Lesotho', 'Lesotho', 'Lesotho'),
('LT', 55.16943800000000000000, 23.88127500000000000000, 'Lietuvos', 'Lithuania', 'Lituanie', 'Lituania', 'Litauen', 'Lituania', 'Litwa', 'Lithuania'),
('LU', 49.81527300000000000000, 6.12958300000000000000, 'Luxemburg', 'Luxembourg', 'Luxembourg', 'Luxemburgo', 'Luxemburg', 'Lussemburgo', 'Luksemburg', 'Luxembourg'),
('LV', 56.87963500000000000000, 24.60318900000000000000, 'Latvija', 'Latvia', 'Lettonie', 'Letonia', 'Lettland', 'Lettonia', 'Lotwa', 'Latvia'),
('LY', 26.33510000000000000000, 17.22833100000000000000, '???????', 'Libyan Arab Jamahiriya', 'Libye', 'Libia', 'Libyen', 'Libia', 'Libia', 'Libyan Arab Jamahiriya'),
('MA', 31.79170200000000000000, -7.09262000000000000000, 'Maroc', 'Morocco', 'Maroc', 'Marruecos', 'Marokko', 'Marocco', 'Maroko', 'Ma r?c'),
('MC', 43.75029800000000000000, 7.41284100000000000000, 'Principatu de Múnegu', 'Monaco', 'Monaco', 'Mónaco', 'Monaco', 'Principato di Monaco', 'Monako', 'Mô Na Cô'),
('MD', 47.41163100000000000000, 28.36988500000000000000, 'Moldova', 'Moldova', 'Moldova', 'Moldova', 'Moldawien', 'Moldavia', 'Moldawia', 'Môn Ðô Va'),
('ME', 42.70867800000000000000, 19.37439000000000000000, '???? ????', 'Montenegro', 'Monténégro', 'Montenegro', 'Montenegro', 'Montenegro', 'Czarnogóra', 'Montenegro'),
('MF', 43.58904620000000000000, 5.88503080000000000000, 'Saint Martin', 'Saint Martin', 'Saint-Martin', 'San Martín', 'St. Martin', 'Saint-Martin', 'Saint-Martin', 'Saint Martin'),
('MG', -18.76694700000000000000, 46.86910700000000000000, 'Madagascar', 'Madagascar', 'Madagascar', 'Madagascar', 'Madagaskar', 'Madagascar', 'Madagaskar', 'Madagascar'),
('MH', 7.13147400000000000000, 171.18447800000000000000, 'Marshall Islands', 'Marshall Islands', 'Marshall, Îles', 'Islas Marshall', 'Marshallinseln', 'Isole Marshall', 'Wyspy Marshalla', 'Qu?n d?o Marshall'),
('MK', 41.60863500000000000000, 21.74527500000000000000, '????????? ??????????', 'Macedonia', 'Macédoine', 'ARY Macedonia', 'Mazedonien', 'Macedonia', 'Macedonia', 'Mác xê dô nhia'),
('ML', 17.57069200000000000000, -3.99616600000000000000, 'Mali', 'Mali', 'Mali', 'Malí', 'Mali', 'Mali', 'Mali', 'Mali'),
('MM', 21.91396500000000000000, 95.95622300000000000000, 'Myanmar', 'Myanmar', 'Birmanie', 'Birmania', 'Myanmar', 'Myanmar', 'Birma (Myanmar)', 'Myanmar'),
('MN', 46.86249600000000000000, 103.84665600000000000000, '?????? ???', 'Mongolia', 'Mongolie', 'Mongolia', 'Mongolei', 'Mongolia', 'Mongolia', 'Mông C?'),
('MO', 22.19874500000000000000, 113.54387300000000000000, 'Macau', 'Macao', 'Macao', 'Macao', 'Macau', 'Macao', 'Makau', 'Ma Cao'),
('US', 37.09024000000000000000, -95.71289100000000000000, 'Northern Mariana Islands', 'United States', 'Etats-Unis', 'Estados Unidos', 'Vereinigte Staaten von Amerika', 'Stati Uniti dAmerica', 'Stany Zjednoczone', 'M?'),
('MP', 17.33083000000000000000, 145.38469000000000000000, 'Martinique', 'Northern Mariana Islands', 'Iles Mariannes Du Nord', 'Islas Marianas del Norte', 'Nördliche Marianen', 'Isole Marianne Settentrionali', 'Mariany Pólnocne', 'Qu?n d?o B?c Mariana'),
('UM', NULL, NULL, 'Mauritanie', 'United States Minor Outlying Island', 'Iles Mineures Éloignées Des État-Unis', 'Islas ultramarinas de Estados Unidos', 'United States Minor Outlying Island', 'Isole minori degli Stati Uniti', 'Dalekie Wyspy Mniejsze Stanów Zjednoczonych', 'Ð?o Minor Outlying M?'),
('MS', 16.74249800000000000000, -62.18736600000000000000, 'Montserrat', 'Montserrat', 'Montserrat', 'Montserrat', 'Montserrat', 'Montserrat', 'Montserrat', 'Montserrat'),
('MT', 35.93749600000000000000, 14.37541600000000000000, 'Malta', 'Malta', 'Malte', 'Malta', 'Malta', 'Malta', 'Malta', 'Malta'),
('MU', -20.34840400000000000000, 57.55215200000000000000, 'Mauritius', 'Mauritius', 'Maurice', 'Mauricio', 'Mauritius', 'Mauritius', 'Mauritius', 'Mauritius'),
('MV', 3.20277800000000000000, 73.22068000000000000000, 'Maldives', 'Maldives', 'Maldives', 'Maldivas', 'Malediven', 'Maldive', 'Malediwy', 'Man di vo'),
('MW', -13.25430800000000000000, 34.30152500000000000000, 'Malawi', 'Malawi', 'Malawi', 'Malawi', 'Malawi', 'Malawi', 'Malawi', 'Malawi'),
('MX', 23.63450100000000000000, -102.55278400000000000000, 'México', 'Mexico', 'Mexique', 'México', 'Mexiko', 'Messico', 'Meksyk', 'Mexico'),
('MY', 4.21048400000000000000, 101.97576600000000000000, 'Malaysia', 'Malaysia', 'Malaisie', 'Malasia', 'Malaysia', 'Malesia', 'Malezja', 'Malaysia'),
('TC', 21.69402500000000000000, -71.79792800000000000000, 'Moçambique', 'Turks And Caicos Islands', 'Iles Turks Et Caïques', 'Islas Turcas y Caicos', 'Turks-und Caicosinseln', 'Isole Turks e Caicos', 'Wyspy Turks i Caicos', 'Qu?n d?o Turks và Caicos'),
('NA', -22.95764000000000000000, 18.49041000000000000000, 'Namibia', 'Namibia', 'Namibie', 'Namibia', 'Namibia', 'Namibia', 'Namibia', 'Namibia'),
('MQ', 14.64152800000000000000, -61.02417400000000000000, 'Nouvelle-Calédonie', 'Martinique', 'Martinique', 'Martinica', 'Martinique', 'Martinica', 'Martynika', 'Martinique'),
('MR', 21.00789000000000000000, -10.94083500000000000000, 'Niger', 'Mauritania', 'Mauritanie', 'Mauritania', 'Mauretanien', 'Mauritania', 'Mauretania', 'Mauritania'),
('NF', -29.04083500000000000000, 167.95471200000000000000, 'Norfolk Island', 'Norfolk Island', 'Ile Norfolk', 'Norfolk', 'Norfolkinsel', 'Isola Norfolk', 'Norfolk', 'Ð?o Norfolk'),
('NG', 9.08199900000000000000, 8.67527700000000000000, 'Nigeria', 'Nigeria', 'Nigéria', 'Nigeria', 'Nigeria', 'Nigeria', 'Nigeria', 'Nigeria'),
('NI', 12.86541600000000000000, -85.20722900000000000000, 'Nicaragua', 'Nicaragua', 'Nicaragua', 'Nicaragua', 'Nicaragua', 'Nicaragua', 'Nikaragua', 'Nicaragua'),
('NL', 52.13263300000000000000, 5.29126600000000000000, 'Nederland', 'Netherlands', 'Pays-Bas', 'Países Bajos', 'Niederlande', 'Paesi Bassi', 'Holandia (Niderlandy)', 'Hà Lan'),
('NO', 60.47202400000000000000, 8.46894600000000000000, 'Norge', 'Norway', 'Norvège', 'Noruega', 'Norwegen', 'Norvegia', 'Norwegia', 'Na Uy'),
('NP', 28.39485700000000000000, 84.12400800000000000000, '??????', 'Nepal', 'Népal', 'Nepal', 'Nepal', 'Nepal', 'Nepal', 'Nepal'),
('NR', -0.52277800000000000000, 166.93150300000000000000, 'Nauru', 'Nauru', 'Nauru', 'Nauru', 'Nauru', 'Nauru', 'Nauru', 'Nauru'),
('NU', -19.05444500000000000000, -169.86723300000000000000, 'Niue', 'Niue', 'Niué', 'Niue', 'Niue', 'Niue', 'Niue', 'Niue'),
('NZ', -40.90055700000000000000, 174.88597100000000000000, 'New Zealand', 'New Zealand', 'Nouvelle-Zélande', 'Nueva Zelanda', 'Neuseeland', 'Nuova Zelanda', 'Nowa Zelandia', 'Niu Zi Lân'),
('OM', 21.51258300000000000000, 55.92325500000000000000, '?????', 'Oman', 'Oman', 'Omán', 'Oman', 'Oman', 'Oman', 'Oman'),
('PA', 8.53798100000000000000, -80.78212700000000000000, 'Panamá', 'Panama', 'Panama', 'Panamá', 'Panama', 'Panamá', 'Panama', 'Panama'),
('PE', -9.18996700000000000000, -75.01515200000000000000, 'Perú', 'Peru', 'Pérou', 'Perú', 'Peru', 'Perù', 'Peru', 'Peru'),
('YT', -12.82750000000000000000, 45.16624400000000000000, 'Polynésie Française', 'Mayotte', 'Mayotte', 'Mayotte', 'Mayotte', 'Mayotte', 'Majotta', 'Mayotte'),
('MZ', -18.66569500000000000000, 35.52956200000000000000, 'Papua Niugini', 'Mozambique', 'Mozambique', 'Mozambique', 'Mosambik', 'Mozambico', 'Mozambik', 'Mozambique'),
('PH', 12.87972100000000000000, 121.77401700000000000000, 'Pilipinas', 'Philippines', 'Philippines', 'Filipinas', 'Philippinen', 'Filippine', 'Filipiny', 'Philippines'),
('PK', 30.37532100000000000000, 69.34511600000000000000, 'Pakistan', 'Pakistan', 'Pakistan', 'Pakistán', 'Pakistan', 'Pakistan', 'Pakistan', 'Pakistan'),
('PL', 51.91943800000000000000, 19.14513600000000000000, 'Polska', 'Poland', 'Pologne', 'Polonia', 'Polen', 'Polonia', 'Polska', 'Ba Lan'),
('NC', -20.90430500000000000000, 165.61804200000000000000, 'Saint-Pierre-et-Miquelon', 'New Caledonia', 'Nouvelle-Calédonie', 'Nueva Caledonia', 'Neukaledonien', 'Nuova Caledonia', 'Nowa Kaledonia', 'New Caledonia'),
('PN', -24.70361500000000000000, -127.43930800000000000000, 'Pitcairn Islands', 'Pitcairn', 'Pitcairn', 'Islas Pitcairn', 'Pitcairn', 'Isole Pitcairn', 'Pitcairn', 'Pitcairn'),
('PR', 18.22083300000000000000, -66.59014900000000000000, 'Puerto Rico', 'Puerto Rico', 'Porto Rico', 'Puerto Rico', 'Puerto Rico', 'Porto Rico', 'Portoryko', 'Puerto Rico'),
('NE', 17.60778900000000000000, 8.08166600000000000000, '??????', 'Niger', 'Niger', 'Níger', 'Niger', 'Niger', 'Niger', 'Niger'),
('PT', 39.39987200000000000000, -8.22445400000000000000, 'Portugal', 'Portugal', 'Portugal', 'Portugal', 'Portugal', 'Portogallo', 'Portugalia', 'B? Ðào Nha'),
('PG', -6.31499300000000000000, 143.95555000000000000000, 'Palau', 'Papua New Guinea', 'Papouasie-Nouvelle-Guinée', 'Papúa Nueva Guinea', 'Papua-Neuguinea', 'Papua Nuova Guinea', 'Papua-Nowa Gwinea', 'Papua New Guinea'),
('PY', -23.44250300000000000000, -58.44383200000000000000, 'Paraguay', 'Paraguay', 'Paraguay', 'Paraguay', 'Paraguay', 'Paraguay', 'Paragwaj', 'Paragua'),
('QA', 25.35482600000000000000, 51.18388400000000000000, '???', 'Qatar', 'Qatar', 'Qatar', 'Katar', 'Qatar', 'Katar', 'Quatar'),
('PM', 46.94193600000000000000, -56.27111000000000000000, 'Réunion', 'Saint Pierre And Miquelon', 'Saint-Pierre-Et-Miquelon', 'San Pedro y Miquelón', 'St. Pierre und Miquelon', 'Saint-Pierre e Miquelon', 'Saint-Pierre i Miquelon', 'Saint Pierre và Miquelon'),
('RO', 45.94316100000000000000, 24.96676000000000000000, 'România', 'Romania', 'Roumanie', 'Rumania', 'Rumänien', 'Romania', 'Rumunia', 'Ru Ma Ni'),
('RS', 44.01652100000000000000, 21.00585900000000000000, '??????', 'Serbia', 'Serbie', 'Serbia', 'Bosnisch-Serbische Republik', 'Serbia', 'Serbia', 'Séc Bi'),
('RU', 61.52401000000000000000, 105.31875600000000000000, '??????', 'Russian Federation', 'Russie', 'Rusia', 'Russland', 'Russia', 'Rosja', 'Liên Bang Nga'),
('RW', -1.94027800000000000000, 29.87388800000000000000, 'Rwanda', 'Rwanda', 'Rwanda', 'Ruanda', 'Ruanda', 'Ruanda', 'Rwanda', 'Ru An Ða'),
('SA', 23.88594200000000000000, 45.07916200000000000000, '????????', 'Saudi Arabia', 'Arabie Saoudite', 'Arabia Saudita', 'Saudi-Arabien', 'Arabia Saudita', 'Arabia Saudyjska', '? r?p Xê út'),
('SB', -9.64571000000000000000, 160.15619400000000000000, 'Solomon Islands', 'Solomon Islands', 'Iles Salomon', 'Islas Salomón', 'Salomonen', 'Isole Salomone', 'Wyspy Salomona', 'Qu?n d?o Solomons'),
('SC', -4.67957400000000000000, 55.49197700000000000000, 'Seychelles', 'Seychelles', 'Seychelles', 'Seychelles', 'Seychellen', 'Seychelles', 'Seszele', 'Seychelles'),
('PS', NULL, NULL, '???????', 'Palestinian Territory', 'Palestinien Occupé', 'Palestina', 'Palästinensische Autonomiegebiete/Gazastreifen', 'Autorità Nazionale Palestinese', 'Palestyna', 'Pa lét tin'),
('SE', 60.12816100000000000000, 18.64350100000000000000, 'Sverige', 'Sweden', 'Suède', 'Suecia', 'Schweden', 'Svezia', 'Szwecja', 'Th?y Ði?n'),
('SG', 1.35208300000000000000, 103.81983600000000000000, 'Singapore', 'Singapore', 'Singapour', 'Singapur', 'Singapur', 'Singapore', 'Singapur', 'Singapore'),
('SH', -24.14347400000000000000, -10.03069600000000000000, 'Saint Helena', 'Saint Helena', 'Sainte-Hélène', 'Santa Helena', 'St. Helena', 'SantElena', 'Swieta Helena i Zalezne', 'Saint Helena'),
('SI', 46.15124100000000000000, 14.99546300000000000000, 'Slovenija', 'Slovenia', 'Slovénie', 'Eslovenia', 'Slowenien', 'Slovenia', 'Slowenia', 'Slovenia'),
('PF', -17.67974200000000000000, -149.40684300000000000000, 'Svalbard', 'French Polynesia', 'Polynésie Française', 'Polinesia Francesa', 'Französisch-Polynesien', 'Polinesia Francese', 'Polinezja Francuska', 'Polynesia thu?c Pháp'),
('SK', 48.66902600000000000000, 19.69902400000000000000, 'Slovensko', 'Slovakia', 'Slovaquie', 'Eslovaquia', 'Slowakei', 'Slovacchia', 'Slowacja', 'Slovakia'),
('PW', 7.51498000000000000000, 134.58252000000000000000, 'Serra Leoa', 'Palau', 'Palaos', 'Palaos', 'Palau', 'Palau', 'Palau', 'Palau'),
('SM', 43.94236000000000000000, 12.45777700000000000000, 'San Marino', 'San Marino', 'Saint-Marin', 'San Marino', 'San Marino', 'San Marino', 'San Marino', 'San Marino'),
('SN', 14.49740100000000000000, -14.45236200000000000000, 'Sénégal', 'Senegal', 'Sénégal', 'Senegal', 'Senegal', 'Senegal', 'Senegal', 'Senegal'),
('RE', -21.11514100000000000000, 55.53638400000000000000, 'Somaliland', 'Réunion', 'Réunion', 'Reunión', 'Réunion', 'Réunion', 'Reunion', 'Réunion'),
('SD', 12.86280700000000000000, 30.21763600000000000000, 'Suriname', 'Sudan', 'Soudan', 'Sudán', 'Sudan', 'Sudan', 'Sudan', 'Sudan'),
('ST', 0.18636000000000000000, 6.61308100000000000000, 'São Tomé e Príncipe', 'Sao Tome And Principe', 'Sao Tomé-Et-Principe', 'Santo Tomé y Príncipe', 'São Tomé und Príncipe', 'São Tomé e Príncipe', 'Wyspy Swietego Tomasza i Ksiazeca', 'Sao Tome và Principe'),
('SV', 13.79418500000000000000, -88.89653000000000000000, 'El Salvador', 'El Salvador', 'El Salvador', 'El Salvador', 'El Salvador', 'El Salvador', 'Salwador', 'El Salvador'),
('SJ', 50.32709990000000000000, 7.22469100000000000000, '?????', 'Svalbard And Jan Mayen', 'Svalbard Et Île Jan Mayen', 'Svalbard y Jan Mayen', 'Svalbard und Jan Mayen', 'Svalbard e Jan Mayen', 'Svalbard i Jan Mayen (wyspa)', 'Svalbard và Jan Mayen'),
('SL', 8.46055500000000000000, -11.77988900000000000000, 'Swaziland', 'Sierra Leone', 'Sierra Leone', 'Sierra Leona', 'Sierra Leone', 'Sierra Leone', 'Sierra Leone', 'Sierra Leone'),
('SO', 9.98698670000000000000, 45.29938620000000000000, 'Turks And Caicos Islands', 'Somaliland', 'Somalie', 'Somalia', 'Somalia', 'Somalia', 'Somalia', 'Somali'),
('SR', 3.91930500000000000000, -56.02778300000000000000, '????', 'Suriname', 'Suriname', 'Surinam', 'Suriname', 'Suriname', 'Surinam', 'Suriname'),
('SY', 34.80207500000000000000, 38.99681500000000000000, 'Terres australes et antarctiques françaises', 'Syrian Arab Republic', 'Syrienne, République Arabe', 'Siria', 'Syrien', 'Siria', 'Syria', 'Cô?ng hòa ? r?p Syri'),
('SZ', -26.52250300000000000000, 31.46586600000000000000, 'Togo', 'Swaziland', 'Swaziland', 'Suazilandia', 'Swasiland', 'Swaziland', 'Suazi', 'Swaziland'),
('TH', 15.87003200000000000000, 100.99254100000000000000, '?????????', 'Thailand', 'Thaïlande', 'Tailandia', 'Thailand', 'Thailandia', 'Tajlandia', 'Thái Lan'),
('TJ', 38.86103400000000000000, 71.27609300000000000000, 'Tajikistan', 'Tajikistan', 'Tadjikistan', 'Tayikistán', 'Tadschikistan', 'Tagikistan', 'Tadzykistan', 'Takjikistan'),
('TK', -8.96736300000000000000, -171.85588100000000000000, 'Tokelau', 'Tokelau', 'Tokelau', 'Tokelau', 'Tokelau', 'Tokelau', 'Tokelau', 'Tokelau'),
('TL', -8.87421700000000000000, 125.72753900000000000000, 'Timor-Leste', 'Timor-Leste', 'Timor-Leste', 'Timor Oriental', 'Osttimor', 'Timor Est', 'Timor Wschodni', 'Ðông Ti Mo'),
('TM', 38.96971900000000000000, 59.55627800000000000000, 'Türkmenistan', 'Turkmenistan', 'Turkménistan', 'Turkmenistán', 'Turkmenistan', 'Turkmenistan', 'Turkmenistan', 'Turkmenistan'),
('TD', 15.45416600000000000000, 18.73220700000000000000, '????', 'Chad', 'Tchad', 'Chad', 'Tschad', 'Ciad', 'Czad', 'Chad'),
('TO', -21.17898600000000000000, -175.19824200000000000000, 'Tonga', 'Tonga', 'Tonga', 'Tonga', 'Tonga', 'Tonga', 'Tonga', 'Tonga'),
('TR', 38.96374500000000000000, 35.24332200000000000000, 'Türkiye', 'Turkey', 'Turquie', 'Turquía', 'Türkei', 'Turchia', 'Turcja', 'Th? Nhi K?'),
('TT', 10.69180300000000000000, -61.22250300000000000000, 'Trinidad and Tobago', 'Trinidad And Tobago', 'Trinité-Et-Tobago', 'Trinidad y Tobago', 'Trinidad und Tobago', 'Trinidad e Tobago', 'Trynidad i Tobago', 'Trinidad và Tobago'),
('TF', -49.28036600000000000000, 69.34855700000000000000, 'Tuvalu', 'French Southern and Antarctic Lands', 'Terres australes et antarctiques françaises', 'Territorios Australes Franceses', 'Französische Süd-und Antarktisgebiete', 'Territori francesi meridionali', 'Francuskie Terytoria Poludniowe', 'Qu?n d?o French Southern và Antarctic'),
('TW', 23.69781000000000000000, 120.96051500000000000000, '??', 'Taiwan', 'Taïwan', 'República de China', 'Taiwan', 'Repubblica di Cina (Taiwan)', 'Tajwan', 'Ðài Loan'),
('TG', 8.61954300000000000000, 0.82478200000000000000, 'Tanzania', 'Togo', 'Togo', 'Togo', 'Togo', 'Togo', 'Togo', 'Togo'),
('UA', 48.37943300000000000000, 31.16558000000000000000, '???????', 'Ukraine', 'Ukraine', 'Ucrania', 'Ukraine', 'Ucraina', 'Ukraina', 'U-crai-na'),
('UG', 1.37333300000000000000, 32.29027500000000000000, 'Uganda', 'Uganda', 'Ouganda', 'Uganda', 'Uganda', 'Uganda', 'Uganda', 'Uganda'),
('TN', 33.88691700000000000000, 9.53749900000000000000, 'United States Minor Outlying Island', 'Tunisia', 'Tunisie', 'Túnez', 'Tunesien', 'Tunisia', 'Tunezja', 'Tuy ni zi'),
('TV', -7.10953500000000000000, 177.64933000000000000000, 'United States of America', 'Tuvalu', 'Tuvalu', 'Tuvalu', 'Tuvalu', 'Tuvalu', 'Tuvalu', 'Tuvalu'),
('UY', -32.52277900000000000000, -55.76583500000000000000, 'Uruguay', 'Uruguay', 'Uruguay', 'Uruguay', 'Uruguay', 'Uruguay', 'Urugwaj', 'Uruguay'),
('UZ', 41.37749100000000000000, 64.58526200000000000000, 'O''zbekiston', 'Uzbekistan', 'Ouzbékistan', 'Uzbekistán', 'Usbekistan', 'Uzbekistan', 'Uzbekistan', 'Uzbekistan'),
('TZ', -6.36902800000000000000, 34.88882200000000000000, 'Holy See', 'Tanzania', 'Tanzanie', 'Tanzania', 'Tansania', 'Tanzania', 'Tanzania', 'Tanzania'),
('VC', 12.98430500000000000000, -61.28722800000000000000, 'Saint Vincent and the Grenadines', 'Saint Vincent And The Grenadines', 'Saint-Vincent-Et-Les Grenadines', 'San Vicente y las Granadinas', 'St. Vincent und die Grenadinen', 'Saint Vincent e Grenadine', 'Saint Vincent i Grenadyny', 'Saint Vincent And The Grenadines'),
('VE', 6.42375000000000000000, -66.58973000000000000000, 'Venezuela', 'Venezuela', 'Venezuela', 'Venezuela', 'Venezuela', 'Venezuela', 'Wenezuela', 'Venezuela'),
('VG', NULL, NULL, 'British Virgin Islands', 'Virgin Islands, British', 'Iles Vierges Britanniques', 'Islas Vírgenes Británicas', 'Virgin Islands, British', 'Isole Vergini Britanniche', 'Brytyjskie Wyspy Dziewicze', 'Qu?n d?o Virgin, Anh'),
('VI', 18.26742760000000000000, -64.70438820000000000000, 'Virgin Islands', 'Virgin Islands, U.S.', 'Iles Vierges Des États-Unis', 'Islas Vírgenes Estadounidenses', 'Virgin Islands, US', 'Isole Vergini Statunitensi', 'Wyspy Dziewicze Stanów Zjednoczonych', 'Qu?n d?o Virgin, M?.'),
('VN', 14.05832400000000000000, 108.27719900000000000000, 'Vi?t Nam', 'Viet Nam', 'Viet Nam', 'Vietnam', 'Vietnam', 'Vietnam', 'Wietnam', 'Vi?t Nam'),
('VU', -15.37670600000000000000, 166.95915800000000000000, 'Vanuatu', 'Vanuatu', 'Vanuatu', 'Vanuatu', 'Vanuatu', 'Vanuatu', 'Vanuatu', 'Vanuatu'),
('VA', 30.03374270000000000000, -95.81166770000000000000, 'Wallis-et-Futuna', 'Holy See', 'Saint-Siège', 'Ciudad del Vaticano', 'Vatikanstaat', 'Città del Vaticano', 'Watykan', 'Holy See'),
('WS', -13.75902900000000000000, -172.10462900000000000000, 'Samoa', 'Samoa', 'Samoa', 'Samoa', 'Samoa', 'Samoa', 'Samoa', 'Samoa'),
('WF', -13.76875200000000000000, -177.15609700000000000000, '?????', 'Wallis And Futuna', 'Wallis Et Futuna', 'Wallis y Futuna', 'Wallis und Futuna', 'Wallis e Futuna', 'Wallis i Futuna', 'Wallis And Futuna'),
('YE', 15.55272700000000000000, 48.51638800000000000000, 'Mayotte', 'Yemen', 'Yémen', 'Yemen', 'Jemen', 'Yemen', 'Jemen', 'Yemen'),
('ZA', -30.55948200000000000000, 22.93750600000000000000, 'South Africa', 'South Africa', 'Afrique Du Sud', 'Sudáfrica', 'Südafrika', 'Sudafrica', 'Republika Poludniowej Afryki', 'Nam Phi'),
('ZM', -13.13389700000000000000, 27.84933200000000000000, 'Zambia', 'Zambia', 'Zambie', 'Zambia', 'Sambia', 'Zambia', 'Zambia', 'Zambia'),
('ZW', -19.01543800000000000000, 29.15485700000000000000, 'Zimbabwe', 'Zimbabwe', 'Zimbabwe', 'Zimbabue', 'Simbabwe', 'Zimbabwe', 'Zimbabwe', 'Zimbabwe');

--
-- Contenu de la table `T_crs`
--

INSERT INTO `T_crs` (`Id`, `Locked`, `Id_author`, `Id_reviewer`, `Id_locker`, `Date_inscription`, `Date_reviewed`, `Date_locked`, `Code`, `Definition`, `Bounds`, `Url`, `Enabled`) VALUES
(1, 'NO', 1, NULL, NULL, '2010-08-24 10:15:07', NULL, NULL, 'SR-ORG:6892', '+title=RGM 04 +proj=eqc +lat_ts=0 +lon_0=0 +x_0=0 +y_0=0 +ellps=GRS80 +towgs84=0.0000,0.0000,0.0000,0,0,0,0 +units=m +no_defs', NULL, 'http://spatialreference.org/ref/sr-org/6892/', 'YES'),
(2, 'NO', 1, NULL, NULL, '2010-08-24 10:15:07', NULL, NULL, 'EPSG:66326405', '+title=COMBANI 1950 +proj=utm +zone=38 +south +ellps=intl +towgs84=-382,-59,-262,0,0,0,0 +units=m +no_defs', NULL, 'http://spatialreference.org/ref/epsg/66326405/', 'YES'),
(3, 'NO', 1, NULL, NULL, '2010-08-24 10:15:07', NULL, NULL, 'CAD:97', '+title=Cadastre 1997 +proj=longlat +towgs84=-381.7880,-57.5010,-256.6730 +a=6378388.0000 +rf=297.0000000000000 +units=m +no_defs', NULL, 'http://lambert93.ign.fr/fileadmin/files/IGNF-qgis.sql', 'YES'),
(4, 'NO', 1, NULL, NULL, '2010-08-24 10:15:07', NULL, NULL, 'RGR:92', '+title=RGR 92 +proj=longlat +towgs84=0.0000,0.0000,0.0000 +a=6378137.0000 +rf=298.2572221010000 +units=m +no_defs', NULL, 'http://lambert93.ign.fr/fileadmin/files/IGNF-qgis.sql', 'YES'),
(5, 'NO', 1, NULL, NULL, '2010-08-24 10:15:07', NULL, NULL, 'EPSG:66266405', '+title=Piton des Neiges +proj=longlat +ellps=intl +towgs84=94.0,-948.0,-1262.0,0.0,0.0,0.0,0.0 +no_defs', NULL, 'http://spatialreference.org/ref/epsg/66266405/', 'YES'),
(6, 'NO', 1, NULL, NULL, '2010-08-24 10:15:07', NULL, NULL, 'WGS84', '+title=*GPS (WGS84) (deg) +proj=longlat +ellps=WGS84 +datum=WGS84 +units=degrees', NULL, 'http://spatialreference.org/ref/sr-org/14/', 'YES'),
(7, 'NO', 1, NULL, NULL, '2010-08-24 10:15:07', NULL, NULL, 'EPSG:4322', '+title=WGS72 +proj=longlat +ellps=WGS72 +no_defs', NULL, 'http://spatialreference.org/ref/epsg/4322/', 'YES'),
(8, 'NO', 1, NULL, NULL, '2010-08-24 10:15:07', NULL, NULL, 'EPSG:4324', '+title=WGS72BE +proj=longlat +ellps=WGS72 +towgs84=0,0,1.9,0,0,0.814,-0.38 +no_defs', NULL, 'http://spatialreference.org/ref/epsg/4324/', 'YES'),
(9, 'NO', 1, NULL, NULL, '2010-08-24 10:15:07', NULL, NULL, 'EPSG:4740', '+title=PZ-90 Roßbach 2000 +proj=longlat +a=6378136 +b=6356751.361745712 +towgs84=0,0,1.5,-0,-0,0.076,0 +no_defs', NULL, 'http://spatialreference.org/ref/epsg/4740/', 'YES'),
(10, 'NO', 1, NULL, NULL, '2010-08-24 10:15:07', NULL, NULL, 'EPSG:4270', '+title=Nahrwan 1967 +proj=longlat +ellps=clrk80 +no_defs', NULL, 'http://spatialreference.org/ref/epsg/4270/', 'YES'),
(11, 'NO', 1, NULL, NULL, '2010-08-24 10:15:07', NULL, NULL, 'ESRI:37202', '+title=GCS Everest Bangladesh  +proj=longlat +ellps=evrst30 +no_defs', NULL, 'http://spatialreference.org/ref/esri/37202/', 'YES'),
(12, 'NO', 1, NULL, NULL, '2010-08-24 10:15:07', NULL, NULL, 'EPSG:2039', '+title=Israel 1989 +proj=tmerc +lat_0=31.73439361111111 +lon_0=35.20451694444445 +k=1.0000067 +x_0=219529.584 +y_0=626907.39 +ellps=GRS80 +towgs84=-48,55,52,0,0,0,0 +units=m +no_defs', NULL, 'http://spatialreference.org/ref/epsg/2039/', 'YES'),
(13, 'NO', 1, NULL, NULL, '2010-08-24 10:15:07', NULL, NULL, 'EPSG:28193', '+title=Israel 1923 +proj=cass +lat_0=31.73409694444445 +lon_0=35.21208055555556 +x_0=170251.555 +y_0=1126867.909 +a=6378300.789 +b=6356566.435 +towgs84=-275.722,94.7824,340.894,-8.001,-4.42,-11.821,1 +units=m +no_defs', NULL, 'http://spatialreference.org/ref/epsg/28193/', 'YES'),
(14, 'NO', 1, NULL, NULL, '2010-08-24 10:15:07', NULL, NULL, 'EPSG:4230', '+title=ED 1950 +proj=longlat +ellps=intl +no_defs', NULL, 'http://spatialreference.org/ref/epsg/4230/', 'YES'),
(15, 'NO', 1, NULL, NULL, '2010-08-24 10:15:07', NULL, NULL, 'EPSG:4612', '+title=JGD 2000 +proj=longlat +ellps=GRS80 +towgs84=0,0,0,0,0,0,0 +no_defs', NULL, 'http://spatialreference.org/ref/epsg/4612/', 'YES'),
(16, 'NO', 1, NULL, NULL, '2010-08-24 10:15:07', NULL, NULL, 'EPSG:4301', '+title=Tokyo +proj=longlat +ellps=bessel +no_defs', NULL, 'http://spatialreference.org/ref/epsg/4301/', 'YES'),
(17, 'NO', 1, NULL, NULL, '2010-08-24 10:15:07', NULL, NULL, 'EPSG:4711', '+title=Markus Isl. 1952 +proj=longlat +ellps=intl +towgs84=124,-234,-25,0,0,0,0 +no_defs', NULL, 'http://spatialreference.org/ref/epsg/4711/', 'YES'),
(18, 'NO', 1, NULL, NULL, '2010-08-24 10:15:07', NULL, NULL, 'EPSG:4683', '+title=PRS92 +proj=longlat +ellps=clrk66 +towgs84=-127.62,-67.24,-47.04,-3.068,4.903,1.578,-1.06 +no_defs', NULL, 'http://spatialreference.org/ref/epsg/4683/', 'YES'),
(19, 'NO', 1, NULL, NULL, '2010-08-24 10:15:07', NULL, NULL, 'EPSG:62536405', '+title=Luzon 1911 excl. Mindanao +proj=longlat +ellps=clrk66 +towgs84=-133.0,-77.0,-51.0,0.0,0.0,0.0,0.0 +no_defs', NULL, 'http://spatialreference.org/ref/epsg/62536405/', 'YES'),
(20, 'NO', 1, NULL, NULL, '2010-08-24 10:15:07', '2010-09-03 17:40:22', NULL, 'EPSG:62536405m', '+title=Luzon 1911 Mindanao +proj=longlat +ellps=clrk66 +towgs84=-133.0,-79.0,-72.0,0.0,0.0,0.0,0.0 +no_defs', NULL, 'http://spatialreference.org/ref/epsg/62536405/', 'NO'),
(21, 'NO', 1, NULL, NULL, '2010-08-24 10:15:07', NULL, NULL, 'EPSG:2535', '+title=Pulkovo Zone 19 +proj=tmerc +lat_0=0 +lon_0=57 +k=1 +x_0=19500000 +y_0=0 +ellps=krass +units=m +no_defs', NULL, 'http://spatialreference.org/ref/epsg/2535/', 'YES'),
(22, 'NO', 1, NULL, NULL, '2010-08-24 10:15:07', NULL, NULL, 'EPSG:2536', '+title=Pulkovo Zone 20 +proj=tmerc +lat_0=0 +lon_0=60 +k=1 +x_0=20500000 +y_0=0 +ellps=krass +units=m +no_defs', NULL, 'http://spatialreference.org/ref/epsg/2536/', 'YES'),
(23, 'NO', 1, NULL, NULL, '2010-08-24 10:15:07', NULL, NULL, 'EPSG:2537', '+title=Pulkovo Zone 21 +proj=tmerc +lat_0=0 +lon_0=63 +k=1 +x_0=21500000 +y_0=0 +ellps=krass +units=m +no_defs', NULL, 'http://spatialreference.org/ref/epsg/2537/', 'YES'),
(24, 'NO', 1, NULL, NULL, '2010-08-24 10:15:07', NULL, NULL, 'EPSG:4756', '+title=Vn2000 +proj=longlat +ellps=WGS84 +towgs84=-191.90441429,-39.30318279,-111.45032835,-0.00928836,0.01975479,-0.00427372,0.252906278 +units=m +no_defs', NULL, 'http://spatialreference.org/ref/sr-org/6817/', 'YES'),
(25, 'NO', 1, NULL, NULL, '2010-08-24 10:15:07', NULL, NULL, 'EPSG:61476405', '+title=Hanoi 1972 +proj=longlat +ellps=krass +towgs84=-17.51,-108.32,-62.39,0,0,0,0 +no_defs', NULL, 'http://spatialreference.org/ref/epsg/61476405/', 'YES'),
(26, 'NO', 1, NULL, NULL, '2010-08-24 10:15:07', NULL, NULL, 'EPSG:4131', '+title=Indian 1960 onshore +proj=longlat +ellps=evrst30 +towgs84=198.0,881.0,317.0,0.0,0.0,0.0,0.0 +no_defs', NULL, 'http://spatialreference.org/ref/epsg/4131/', 'YES'),
(27, 'NO', 1, NULL, NULL, '2010-08-24 10:15:07', NULL, NULL, 'EPSG:61316405', '+title=Indian 1960 Con Son Isl. +proj=longlat +ellps=evrst30 +towgs84=182.0,915.0,344.0,0.0,0.0,0.0,0.0 +no_defs', NULL, 'http://spatialreference.org/ref/epsg/61316405/', 'YES'),
(28, 'NO', 1, NULL, NULL, '2010-08-24 10:15:07', NULL, NULL, 'SR-ORG:6628', '+title=AGD 66 ACT (Stromlo) +proj=tmerc +lat_0=0 +lon_0=149.00929483 +k=1.000086 +x_0=200000 +y_0=4510193.494 +ellps=aust_SA +units=m +no_defs', NULL, 'http://spatialreference.org/ref/sr-org/6628/', 'YES'),
(29, 'NO', 1, NULL, NULL, '2010-08-24 10:15:07', NULL, NULL, 'EPSG:3110', '+title=AGD 66 / VicGrid66 +proj=lcc +lat_1=-36 +lat_2=-38 +lat_0=-37 +lon_0=145 +x_0=2500000 +y_0=4500000 +ellps=aust_SA +units=m +no_defs', NULL, 'http://spatialreference.org/ref/epsg/3110/', 'YES'),
(30, 'NO', 1, NULL, NULL, '2010-08-24 10:15:07', NULL, NULL, 'EPSG:4202', '+title=AGD 66 +proj=longlat +ellps=aust_SA +no_defs', NULL, 'http://spatialreference.org/ref/epsg/4202/', 'YES'),
(31, 'NO', 1, NULL, NULL, '2010-08-24 10:15:07', NULL, NULL, 'EPSG:4283', '+title=GDA 94 +proj=longlat +ellps=GRS80 +towgs84=0,0,0,0,0,0,0 +no_defs', NULL, 'http://spatialreference.org/ref/epsg/4283/', 'YES'),
(32, 'NO', 1, NULL, NULL, '2010-08-24 10:15:07', NULL, NULL, 'EPSG:66286405', '+title=Tahiti +proj=longlat +ellps=intl +towgs84=162.0,117.0,154.0,0.0,0.0,0.0,0.0 +no_defs', NULL, 'http://spatialreference.org/ref/epsg/66286405/', 'YES'),
(33, 'NO', 1, NULL, NULL, '2010-08-24 10:15:07', NULL, NULL, 'EPSG:66296405', '+title=Tahaa +proj=longlat +ellps=intl +towgs84=72.438,345.918,79.486,1.6045,-0.8823,-0.5565,0.2835316026672587 +no_defs', NULL, 'http://spatialreference.org/ref/epsg/66296405/', 'YES'),
(34, 'NO', 1, NULL, NULL, '2010-08-24 10:15:07', NULL, NULL, 'EPSG:66346405', '+title=IGN 72 Gde Terre +proj=longlat +ellps=intl +towgs84=-11.64,-348.6,291.98,0.0,0.0,0.0,0.0 +no_defs', NULL, 'http://spatialreference.org/ref/epsg/66346405/', 'YES'),
(35, 'NO', 1, NULL, NULL, '2010-08-24 10:15:07', NULL, NULL, 'EPSG:66306405', '+title=IGN 72 Nuku Hiva +proj=longlat +ellps=intl +towgs84=259.551,297.612,197.833,-1.4866,2.1224,0.4612,5.574285762347154 +no_defs', NULL, 'http://spatialreference.org/ref/epsg/66306405/', 'YES'),
(36, 'NO', 1, NULL, NULL, '2010-08-24 10:15:07', NULL, NULL, 'EPSG:61676405', '+title=NZGD 2000 +proj=longlat +ellps=GRS80 +towgs84=0.0,0.0,0.0,0.0,0.0,0.0,0.0 +no_defs', NULL, 'http://spatialreference.org/ref/epsg/61676405/', 'YES'),
(37, 'NO', 1, NULL, NULL, '2010-08-24 10:15:07', NULL, NULL, 'SR-ORG:6661', '+title=DGLC 2000 +proj=lcc +lat_1=-76.66666666666667 +lat_2=-79.33333333333333 +lat_0=-90 +lon_0=157 +x_0=500000 +y_0=0 +ellps=GRS80 +towgs84=0.0,0.0,0.0,0.0,0.0,0.0,0.0 +units=m +no_defs', NULL, 'http://spatialreference.org/ref/sr-org/6661/', 'YES'),
(38, 'NO', 1, NULL, NULL, '2010-08-24 10:15:07', NULL, NULL, 'EPSG:4885', '+title=RSRGD 2000 +proj=longlat +ellps=GRS80 +towgs84=0.0,0.0,0.0,0.0,0.0,0.0,0.0 +no_defs', NULL, 'http://spatialreference.org/ref/epsg/4885/', 'YES'),
(39, 'NO', 1, NULL, NULL, '2010-08-24 10:15:07', NULL, NULL, 'EPSG:4673', '+title=CIGD 1979 +proj=longlat +ellps=intl +towgs84=174.05,-25.49,112.57,-0,-0,0.554,0.2263 +no_defs', NULL, 'http://spatialreference.org/ref/epsg/4673/', 'YES'),
(40, 'NO', 1, NULL, NULL, '2010-08-24 10:15:07', NULL, NULL, 'EPSG:4672', '+title=CIGD 1971 +proj=longlat +ellps=intl +towgs84=175,-38,113,0,0,0,0 +no_defs', NULL, 'http://spatialreference.org/ref/epsg/4672/', 'YES'),
(41, 'NO', 1, NULL, NULL, '2010-08-24 10:15:07', NULL, NULL, 'EPSG:27200', '+title=NZGD 1949 +proj=nzmg +lat_0=-41 +lon_0=173 +x_0=2510000 +y_0=6023150 +ellps=intl +datum=nzgd49 +units=m +no_defs', NULL, 'http://spatialreference.org/ref/epsg/27200/', 'YES'),
(42, 'NO', 1, NULL, NULL, '2010-08-24 10:15:07', NULL, NULL, 'EPSG:62036405', '+title=AGD84 +proj=longlat +ellps=aust_SA +towgs84=-117.763,-51.51,139.061,0.292,-0.443,-0.277,-0.03939657799319541 +no_defs', NULL, 'http://spatialreference.org/ref/epsg/62036405/', 'YES'),
(43, 'NO', 1, NULL, NULL, '2010-08-24 10:15:07', NULL, NULL, 'EPSG:4313', '+title=Belgian Datum 72 (Deg) +proj=longlat +ellps=intl +towgs84=-125.8,79.9,-100.5 +no_defs', NULL, 'http://spatialreference.org/ref/epsg/4313/', 'YES'),
(44, 'NO', 1, NULL, NULL, '2010-08-24 10:15:07', NULL, NULL, 'EPSG:68096405', '+title=Belgian Datum 1950 +proj=longlat +ellps=intl +pm=brussels +no_defs', NULL, 'http://spatialreference.org/ref/epsg/68096405/', 'YES'),
(45, 'NO', 1, NULL, NULL, '2010-08-24 10:15:07', NULL, NULL, 'EPSG:3334', '+title=Pulkovo 1942(58) Zone 4 +proj=tmerc +lat_0=0 +lon_0=21 +k=1 +x_0=4500000 +y_0=0 +ellps=krass +towgs84=33.4,-146.6,-76.3,-0.359,-0.053,0.844,-0.84 +units=m +no_defs', NULL, 'http://spatialreference.org/ref/epsg/3334/', 'YES'),
(46, 'NO', 1, NULL, NULL, '2010-08-24 10:15:07', NULL, NULL, 'EPSG:3335', '+title=Pulkovo 1942(58) Zone 5 +proj=tmerc +lat_0=0 +lon_0=27 +k=1 +x_0=5500000 +y_0=0 +ellps=krass +towgs84=33.4,-146.6,-76.3,-0.359,-0.053,0.844,-0.84 +units=m +no_defs', NULL, 'http://spatialreference.org/ref/epsg/3335/', 'YES'),
(47, 'NO', 1, NULL, NULL, '2010-08-24 10:15:07', NULL, NULL, 'EPSG:61566405', '+title=S-JTSK +proj=longlat +ellps=bessel +towgs84=559.0,68.7,451.5,7.92,4.073,4.251,1.1777720436709203 +no_defs', NULL, 'http://spatialreference.org/ref/epsg/61566405/', 'YES'),
(48, 'NO', 1, NULL, NULL, '2010-08-24 10:15:07', NULL, NULL, 'EPSG:61806405', '+title=EST 1997 +proj=longlat +ellps=GRS80 +towgs84=0.0,0.0,0.0,0.0,0.0,0.0,0.0 +no_defs', NULL, 'http://spatialreference.org/ref/epsg/61806405/', 'YES'),
(49, 'NO', 1, NULL, NULL, '2010-08-24 10:15:07', NULL, NULL, 'EPSG:2494', '+title=Pulkovo 1942 CM21E +proj=tmerc +lat_0=0 +lon_0=21 +k=1 +x_0=500000 +y_0=0 +ellps=krass +units=m +no_defs', NULL, 'http://spatialreference.org/ref/epsg/2494/', 'YES'),
(50, 'NO', 1, NULL, NULL, '2010-08-24 10:15:07', NULL, NULL, 'EPSG:61336405', '+title=EST 1992 +proj=longlat +ellps=GRS80 +towgs84=0.055,-0.541,-0.185,0.0183,0.0003,0.007,-0.002887707287459349 +no_defs', NULL, 'http://spatialreference.org/ref/epsg/61336405/', 'YES'),
(51, 'NO', 1, NULL, NULL, '2010-08-24 10:15:07', NULL, NULL, 'EPSG:2495', '+title=Pulkovo 1942 CM27E +proj=tmerc +lat_0=0 +lon_0=27 +k=1 +x_0=500000 +y_0=0 +ellps=krass +units=m +no_defs', NULL, 'http://spatialreference.org/ref/epsg/2495/', 'YES'),
(52, 'NO', 1, NULL, NULL, '2010-08-24 10:15:07', NULL, NULL, 'EPSG:2393', '+title=KKJ Zone 3 +proj=tmerc +lat_0=0 +lon_0=27 +k=1 +x_0=3500000 +y_0=0 +ellps=intl +towgs84=-96.0617,-82.4278,-121.7435,4.80107,0.34543,-1.37646,1.4964 +units=m +no_defs', NULL, 'http://spatialreference.org/ref/epsg/2393/', 'YES'),
(53, 'NO', 1, NULL, NULL, '2010-08-24 10:15:07', NULL, NULL, 'EPSG:27561', '+title=Lambert I Nord +proj=lcc +lat_1=49.50000000000001 +lat_0=49.50000000000001 +lon_0=0 +k_0=0.999877341 +x_0=600000 +y_0=200000 +a=6378249.2 +b=6356515 +towgs84=-168,-60,320,0,0,0,0 +pm=paris +units=m +no_defs', NULL, 'http://spatialreference.org/ref/epsg/27561/', 'YES'),
(54, 'NO', 1, NULL, NULL, '2010-08-24 10:15:07', NULL, NULL, 'EPSG:27562', '+title=Lambert II Centre +proj=lcc +lat_1=46.8 +lat_0=46.8 +lon_0=0 +k_0=0.99987742 +x_0=600000 +y_0=200000 +a=6378249.2 +b=6356515 +towgs84=-168,-60,320,0,0,0,0 +pm=paris +units=m +no_defs', NULL, 'http://spatialreference.org/ref/epsg/27562/', 'YES'),
(55, 'NO', 1, NULL, NULL, '2010-08-24 10:15:07', NULL, NULL, 'EPSG:27563', '+title=Lambert III sud +proj=lcc +lat_1=44.10000000000001 +lat_0=44.10000000000001 +lon_0=0 +k_0=0.999877499 +x_0=600000 +y_0=200000 +a=6378249.2 +b=6356515 +towgs84=-168,-60,320,0,0,0,0 +pm=paris +units=m +no_defs', NULL, 'http://spatialreference.org/ref/epsg/27563/', 'YES'),
(56, 'NO', 1, NULL, NULL, '2010-08-24 10:15:07', NULL, NULL, 'EPSG:27564', '+title=Lambert IV Corse +proj=lcc +lat_1=42.16500000000001 +lat_0=42.16500000000001 +lon_0=0 +k_0=0.99994471 +x_0=234.358 +y_0=185861.369 +a=6378249.2 +b=6356515 +towgs84=-168,-60,320,0,0,0,0 +pm=paris +units=m +no_defs', NULL, 'http://spatialreference.org/ref/epsg/27564/', 'YES'),
(57, 'NO', 1, NULL, NULL, '2010-08-24 10:15:07', NULL, NULL, 'EPSG:27571', '+title=Lambert I carto +proj=lcc +lat_1=49.50000000000001 +lat_0=49.50000000000001 +lon_0=0 +k_0=0.999877341 +x_0=600000 +y_0=1200000 +a=6378249.2 +b=6356515 +towgs84=-168,-60,320,0,0,0,0 +pm=paris +units=m +no_defs', NULL, 'http://spatialreference.org/ref/epsg/27571/', 'YES'),
(58, 'NO', 1, NULL, NULL, '2010-08-24 10:15:07', NULL, NULL, 'EPSG:27572', '+title=Lambert II carto +proj=lcc +lat_1=46.8 +lat_0=46.8 +lon_0=0 +k_0=0.99987742 +x_0=600000 +y_0=2200000 +a=6378249.2 +b=6356515 +towgs84=-168,-60,320,0,0,0,0 +pm=paris +units=m +no_defs', NULL, 'http://spatialreference.org/ref/epsg/27572/', 'YES'),
(59, 'NO', 1, NULL, NULL, '2010-08-24 10:15:07', NULL, NULL, 'EPSG:27573', '+title=Lambert III carto +proj=lcc +lat_1=44.10000000000001 +lat_0=44.10000000000001 +lon_0=0 +k_0=0.999877499 +x_0=600000 +y_0=3200000 +a=6378249.2 +b=6356515 +towgs84=-168,-60,320,0,0,0,0 +pm=paris +units=m +no_defs', NULL, 'http://spatialreference.org/ref/epsg/27573/', 'YES'),
(60, 'NO', 1, NULL, NULL, '2010-08-24 10:15:07', NULL, NULL, 'EPSG:27574', '+title=Lambert IV carto +proj=lcc +lat_1=42.16500000000001 +lat_0=42.16500000000001 +lon_0=0 +k_0=0.99994471 +x_0=234.358 +y_0=4185861.369 +a=6378249.2 +b=6356515 +towgs84=-168,-60,320,0,0,0,0 +pm=paris +units=m +no_defs', NULL, 'http://spatialreference.org/ref/epsg/27574/', 'YES'),
(61, 'NO', 1, NULL, NULL, '2010-08-24 10:15:07', NULL, NULL, 'EPSG:3942', '+title=RGF93 / CC42 +proj=lcc +lat_1=41.25 +lat_2=42.75 +lat_0=42 +lon_0=3 +x_0=1700000 +y_0=1200000 +ellps=GRS80 +towgs84=0,0,0,0,0,0,0 +units=m +no_defs', NULL, 'http://spatialreference.org/ref/epsg/3942/', 'YES'),
(62, 'NO', 1, NULL, NULL, '2010-08-24 10:15:07', NULL, NULL, 'EPSG:3943', '+title=RGF93 / CC43 +proj=lcc +lat_1=42.25 +lat_2=43.75 +lat_0=43 +lon_0=3 +x_0=1700000 +y_0=2200000 +ellps=GRS80 +towgs84=0,0,0,0,0,0,0 +units=m +no_defs', NULL, 'http://spatialreference.org/ref/epsg/3943/', 'YES'),
(63, 'NO', 1, NULL, NULL, '2010-08-24 10:15:07', NULL, NULL, 'EPSG:3944', '+title=RGF93 / CC44 +proj=lcc +lat_1=43.25 +lat_2=44.75 +lat_0=44 +lon_0=3 +x_0=1700000 +y_0=3200000 +ellps=GRS80 +towgs84=0,0,0,0,0,0,0 +units=m +no_defs', NULL, 'http://spatialreference.org/ref/epsg/3944/', 'YES'),
(64, 'NO', 1, NULL, NULL, '2010-08-24 10:15:07', NULL, NULL, 'EPSG:3945', '+title=RGF93 / CC45 +proj=lcc +lat_1=44.25 +lat_2=45.75 +lat_0=45 +lon_0=3 +x_0=1700000 +y_0=4200000 +ellps=GRS80 +towgs84=0,0,0,0,0,0,0 +units=m +no_defs', NULL, 'http://spatialreference.org/ref/epsg/3945/', 'YES'),
(65, 'NO', 1, NULL, NULL, '2010-08-24 10:15:07', NULL, NULL, 'EPSG:3946', '+title=RGF93 / CC46 +proj=lcc +lat_1=45.25 +lat_2=46.75 +lat_0=46 +lon_0=3 +x_0=1700000 +y_0=5200000 +ellps=GRS80 +towgs84=0,0,0,0,0,0,0 +units=m +no_defs', NULL, 'http://spatialreference.org/ref/epsg/3946/', 'YES'),
(66, 'NO', 1, NULL, NULL, '2010-08-24 10:15:07', NULL, NULL, 'EPSG:3947', '+title=RGF93 / CC47 +proj=lcc +lat_1=46.25 +lat_2=47.75 +lat_0=47 +lon_0=3 +x_0=1700000 +y_0=6200000 +ellps=GRS80 +towgs84=0,0,0,0,0,0,0 +units=m +no_defs', NULL, 'http://spatialreference.org/ref/epsg/3947/', 'YES'),
(67, 'NO', 1, NULL, NULL, '2010-08-24 10:15:07', NULL, NULL, 'EPSG:3948', '+title=RGF93 / CC48 +proj=lcc +lat_1=47.25 +lat_2=48.75 +lat_0=48 +lon_0=3 +x_0=1700000 +y_0=7200000 +ellps=GRS80 +towgs84=0,0,0,0,0,0,0 +units=m +no_defs', NULL, 'http://spatialreference.org/ref/epsg/3948/', 'YES'),
(68, 'NO', 1, NULL, NULL, '2010-08-24 10:15:07', NULL, NULL, 'EPSG:3949', '+title=RGF93 / CC49 +proj=lcc +lat_1=48.25 +lat_2=49.75 +lat_0=49 +lon_0=3 +x_0=1700000 +y_0=8200000 +ellps=GRS80 +towgs84=0,0,0,0,0,0,0 +units=m +no_defs', NULL, 'http://spatialreference.org/ref/epsg/3949/', 'YES'),
(69, 'NO', 1, NULL, NULL, '2010-08-24 10:15:07', NULL, NULL, 'EPSG:3950', '+title=RGF93 / CC50 +proj=lcc +lat_1=49.25 +lat_2=50.75 +lat_0=50 +lon_0=3 +x_0=1700000 +y_0=9200000 +ellps=GRS80 +towgs84=0,0,0,0,0,0,0 +units=m +no_defs', NULL, 'http://spatialreference.org/ref/epsg/3950/', 'YES'),
(70, 'NO', 1, NULL, NULL, '2010-08-24 10:15:07', NULL, NULL, 'EPSG:63146405', '+title=DHDN +proj=longlat +ellps=bessel +datum=potsdam +no_defs', NULL, 'http://spatialreference.org/ref/epsg/63146405/', 'YES'),
(71, 'NO', 1, NULL, NULL, '2010-08-24 10:15:07', NULL, NULL, 'SR-ORG:6714', '+title=ETRS89 UTM zone 33N +proj=tmerc +lat_0=0 +lon_0=15 +k=0.9996 +x_0=33500000 +y_0=0 +ellps=GRS80 +units=m +no_defs', NULL, 'http://spatialreference.org/ref/sr-org/6714/', 'YES'),
(72, 'NO', 1, NULL, NULL, '2010-08-24 10:15:07', NULL, NULL, 'SR-ORG:6715', '+title=ETRS89 UTM zone 32N +proj=tmerc +lat_0=0 +lon_0=9 +k=0.9996 +x_0=32500000 +y_0=0 +ellps=GRS80 +units=m +no_defs', NULL, 'http://spatialreference.org/ref/sr-org/6715/', 'YES'),
(73, 'NO', 1, NULL, NULL, '2010-08-24 10:15:07', NULL, NULL, 'EPSG:31466', '+title=DHDN Zone 2 +proj=tmerc +lat_0=0 +lon_0=6 +k=1 +x_0=2500000 +y_0=0 +ellps=bessel +datum=potsdam +units=m +no_defs', NULL, 'http://spatialreference.org/ref/epsg/31466/', 'YES'),
(74, 'NO', 1, NULL, NULL, '2010-08-24 10:15:07', NULL, NULL, 'EPSG:31467', '+title=DHDN Zone 3 +proj=tmerc +lat_0=0 +lon_0=9 +k=1 +x_0=3500000 +y_0=0 +ellps=bessel +datum=potsdam +units=m +no_defs', NULL, 'http://spatialreference.org/ref/epsg/31467/', 'YES'),
(75, 'NO', 1, NULL, NULL, '2010-08-24 10:15:07', NULL, NULL, 'EPSG:31468', '+title=DHDN Zone 4 +proj=tmerc +lat_0=0 +lon_0=12 +k=1 +x_0=4500000 +y_0=0 +ellps=bessel +datum=potsdam +units=m +no_defs', NULL, 'http://spatialreference.org/ref/epsg/31468/', 'YES'),
(76, 'NO', 1, NULL, NULL, '2010-08-24 10:15:07', NULL, NULL, 'SR-ORG:6924', '+title=DHDN Ferro +proj=longlat +ellps=bessel +datum=potsdam +pm=-17.66666666666667 +no_defs', NULL, 'http://spatialreference.org/ref/sr-org/6924/', 'YES'),
(77, 'NO', 1, NULL, NULL, '2010-08-24 10:15:07', NULL, NULL, 'EPSG:31469', '+title=DHDN Zone 5 +proj=tmerc +lat_0=0 +lon_0=15 +k=1 +x_0=5500000 +y_0=0 +ellps=bessel +datum=potsdam +units=m +no_defs', NULL, 'http://spatialreference.org/ref/epsg/31469/', 'YES'),
(78, 'NO', 1, NULL, NULL, '2010-08-24 10:15:07', NULL, NULL, 'EPSG:3068', '+title=Soldner Berlin +proj=cass +lat_0=52.41864827777778 +lon_0=13.62720366666667 +x_0=40000 +y_0=10000 +ellps=bessel +datum=potsdam +units=m +no_defs', NULL, 'http://spatialreference.org/ref/epsg/3068/', 'YES'),
(79, 'NO', 1, NULL, NULL, '2010-08-24 10:15:07', NULL, NULL, 'EPSG:3396', '+title=PD/83 Zone 3 +proj=tmerc +lat_0=0 +lon_0=9 +k=1 +x_0=3500000 +y_0=0 +ellps=bessel +units=m +no_defs', NULL, 'http://spatialreference.org/ref/epsg/3396/', 'YES'),
(80, 'NO', 1, NULL, NULL, '2010-08-24 10:15:07', NULL, NULL, 'EPSG:3397', '+title=PD/83 Zone4 +proj=tmerc +lat_0=0 +lon_0=12 +k=1 +x_0=4500000 +y_0=0 +ellps=bessel +units=m +no_defs', NULL, 'http://spatialreference.org/ref/epsg/3397/', 'YES'),
(81, 'NO', 1, NULL, NULL, '2010-08-24 10:15:07', NULL, NULL, 'SR-ORG:6880', '+title=DHDN Lagerstatus 660 +proj=cass +lat_0=52.51994145077683 +lon_0=13.40994928458615 +x_0=0 +y_0=0 +ellps=bessel +datum=potsdam +units=m +no_defs', NULL, 'http://spatialreference.org/ref/sr-org/6880/', 'YES'),
(82, 'NO', 1, NULL, NULL, '2010-08-24 10:15:07', NULL, NULL, 'SR-ORG:6881', '+title=DHDN Lagerstatus 600 +proj=cass +lat_0=52.41864827777778 +lon_0=13.62720366666667 +x_0=0 +y_0=0 +ellps=bessel +datum=potsdam +units=m +no_defs', NULL, 'http://spatialreference.org/ref/sr-org/6881/', 'YES'),
(83, 'NO', 1, NULL, NULL, '2010-08-24 10:15:07', NULL, NULL, 'EPSG:4277', '+title=OSGB 1936 +proj=longlat +ellps=airy +datum=OSGB36 +no_defs', NULL, 'http://spatialreference.org/ref/epsg/4277/', 'YES'),
(84, 'NO', 1, NULL, NULL, '2010-08-24 10:15:07', NULL, NULL, 'EPSG:3042', '+title=ETRS89 England +proj=utm +zone=30 +ellps=GRS80 +units=m +no_defs', NULL, 'http://spatialreference.org/ref/epsg/3042/', 'YES'),
(85, 'NO', 1, NULL, NULL, '2010-08-24 10:15:07', NULL, NULL, 'EPSG:3041', '+title=ETRS89 Ireland +proj=utm +zone=29 +ellps=GRS80 +units=m +no_defs', NULL, 'http://spatialreference.org/ref/epsg/3041/', 'YES'),
(86, 'NO', 1, NULL, NULL, '2010-08-24 10:15:07', NULL, NULL, 'EPSG:61216405', '+title=GGRS87 +proj=longlat +ellps=GRS80 +towgs84=-199.87,74.79,246.62,0.0,0.0,0.0,0.0 +no_defs', NULL, 'http://spatialreference.org/ref/epsg/61216405/', 'YES'),
(87, 'NO', 1, NULL, NULL, '2010-08-24 10:15:07', NULL, NULL, 'SR-ORG:6760', '+title=HTRS07 / TM07 Hellenic +proj=tmerc +lat_0=0 +lon_0=24 +k=0.9996 +x_0=500000 +y_0=-2000000 +ellps=GRS80 +towgs84=3.567,1.329,3.026,-0.17,-0.06,-0.151,-0.294 +units=m +no_defs', NULL, 'http://spatialreference.org/ref/sr-org/6760/proj4js/', 'YES'),
(88, 'NO', 1, NULL, NULL, '2010-08-24 10:15:07', NULL, NULL, 'EPSG:62376405', '+title=HD72 +proj=longlat +ellps=GRS67 +towgs84=57.01,-69.97,-9.29,0.0,0.0,0.0,0.0 +no_defs', NULL, 'http://spatialreference.org/ref/epsg/62376405/', 'YES'),
(89, 'NO', 1, NULL, NULL, '2010-08-24 10:15:07', '2013-01-07 00:00:00', NULL, 'EPSG:4265', '+title=ROMA40 Monte Mario +proj=longlat +ellps=intl +pm=rome +no_defs', NULL, 'http://spatialreference.org/ref/epsg/4265/', 'YES'),
(90, 'NO', 1, NULL, NULL, '2010-08-24 10:15:07', NULL, NULL, 'EPSG:3003', '+title=ROMA40 Zone 1 Monte Mario +proj=tmerc +lat_0=0 +lon_0=9 +k=0.9996 +x_0=1500000 +y_0=0 +ellps=intl +units=m +no_defs', NULL, 'http://spatialreference.org/ref/epsg/3003/', 'YES'),
(91, 'NO', 1, NULL, NULL, '2010-08-24 10:15:07', NULL, NULL, 'EPSG:3004', '+title=ROMA40 Zone 2 Monte Mario +proj=tmerc +lat_0=0 +lon_0=15 +k=0.9996 +x_0=2520000 +y_0=0 +ellps=intl +units=m +no_defs', NULL, 'http://spatialreference.org/ref/epsg/3004/', 'YES'),
(92, 'NO', 1, NULL, NULL, '2010-08-24 10:15:07', NULL, NULL, 'EPSG:3059', '+title=LKS92 +proj=tmerc +lat_0=0 +lon_0=24 +k=0.9996 +x_0=500000 +y_0=-6000000 +ellps=GRS80 +towgs84=0,0,0,0,0,0,0 +units=m +no_defs', NULL, 'http://spatialreference.org/ref/epsg/3059/', 'YES'),
(93, 'NO', 1, NULL, NULL, '2010-08-24 10:15:07', NULL, NULL, 'EPSG:2494-21E', '+title=Pulkovo 1942 CM 21E +proj=tmerc +lat_0=0 +lon_0=21 +k=1 +x_0=500000 +y_0=0 +ellps=krass +units=m +no_defs', NULL, 'http://spatialreference.org/ref/epsg/2494/', 'YES'),
(94, 'NO', 1, NULL, NULL, '2010-08-24 10:15:07', NULL, NULL, 'EPSG:2495-27E', '+title=Pulkovo 1942 CM 27E +proj=tmerc +lat_0=0 +lon_0=27 +k=1 +x_0=500000 +y_0=0 +ellps=krass +units=m +no_defs', NULL, 'http://spatialreference.org/ref/epsg/2495/', 'YES'),
(95, 'NO', 1, NULL, NULL, '2010-08-24 10:15:07', NULL, NULL, 'EPSG:4126', '+title=LKS94 (ETRS89) +proj=longlat +ellps=GRS80 +no_defs', NULL, 'http://spatialreference.org/ref/epsg/4126/', 'YES'),
(96, 'NO', 1, NULL, NULL, '2010-08-24 10:15:07', NULL, NULL, 'LUREF', '+title=LUREF +proj=tmerc +lat_0=49.83333333333334 +lon_0=6.166666666666667 +k=1.000000 +x_0=80000 +y_0=100000 +ellps=intl +units=m +no_defs', NULL, 'http://osgeo-org.1803224.n2.nabble.com/convert-from-LatLong-to-transverse-mercator-LUREF-td2062263.html', 'YES'),
(97, 'NO', 1, NULL, NULL, '2010-08-24 10:15:07', NULL, NULL, 'EPSG:4181', '+title=Luxembourg 1930 +proj=longlat +ellps=intl +towgs84=-193,13.7,-39.3,-0.41,-2.933,2.688,0.43 +no_defs', NULL, 'http://spatialreference.org/ref/epsg/4181/', 'YES'),
(98, 'NO', 1, NULL, NULL, '2010-08-24 10:15:07', NULL, NULL, 'EPSG:4289', '+title=RD/NAP Amersfoort +proj=longlat +ellps=bessel +no_defs', NULL, 'http://spatialreference.org/ref/epsg/4289/', 'YES'),
(99, 'NO', 1, NULL, NULL, '2010-08-24 10:15:07', NULL, NULL, 'EPSG:28991', '+title=RD/NAP Amersfoort RD Old +proj=sterea +lat_0=52.15616055555555 +lon_0=5.38763888888889 +k=0.9999079 +x_0=0 +y_0=0 +ellps=bessel +units=m +no_defs', NULL, 'http://spatialreference.org/ref/epsg/28991/', 'YES'),
(100, 'NO', 1, NULL, NULL, '2010-08-24 10:15:07', NULL, NULL, 'EPSG:28992', '+title=RD/NAP Amersfoort RD New +proj=sterea +lat_0=52.15616055555555 +lon_0=5.38763888888889 +k=0.9999079 +x_0=155000 +y_0=463000 +ellps=bessel +units=m +no_defs', NULL, 'http://spatialreference.org/ref/epsg/28992/', 'YES'),
(101, 'NO', 1, NULL, NULL, '2010-08-24 10:15:07', NULL, NULL, 'ESRI:102101', '+title=NGO 1948 Norway +proj=tmerc +lat_0=58 +lon_0=6.05625 +k=1 +x_0=0 +y_0=0 +a=6377492.018 +b=6356173.508712696 +units=m +no_defs', NULL, 'http://spatialreference.org/ref/esri/102101/', 'YES'),
(102, 'NO', 1, NULL, NULL, '2010-08-24 10:15:07', NULL, NULL, 'EPSG:2175', '+title=Pulkovo 1942(83) Zone 5 +proj=tmerc +lat_0=0 +lon_0=18.95833333333333 +k=0.999983 +x_0=237000 +y_0=-4700000 +ellps=krass +towgs84=33.4,-146.6,-76.3,-0.359,-0.053,0.844,-0.84 +units=m +no_defs', NULL, 'http://spatialreference.org/ref/epsg/2171/', 'YES'),
(103, 'NO', 1, NULL, NULL, '2010-08-24 10:15:07', NULL, NULL, 'EPSG:3328', '+title=Pulkovo 1942(58) GUGIK-80 +proj=sterea +lat_0=52.16666666666666 +lon_0=19.16666666666667 +k=0.999714 +x_0=500000 +y_0=500000 +ellps=krass +towgs84=33.4,-146.6,-76.3,-0.359,-0.053,0.844,-0.84 +units=m +no_defs', NULL, 'http://spatialreference.org/ref/epsg/3328/', 'YES'),
(104, 'NO', 1, NULL, NULL, '2010-08-24 10:15:07', NULL, NULL, 'EPSG:3333', '+title=Pulkovo 1942(58) Zone 3 +proj=tmerc +lat_0=0 +lon_0=15 +k=1 +x_0=3500000 +y_0=0 +ellps=krass +towgs84=33.4,-146.6,-76.3,-0.359,-0.053,0.844,-0.84 +units=m +no_defs', NULL, 'http://spatialreference.org/ref/epsg/3333/', 'YES'),
(105, 'NO', 1, NULL, NULL, '2010-08-24 10:15:07', NULL, NULL, 'EPSG:2171', '+title=Pulkovo 1942(83) Zone 1 Ste +proj=sterea +lat_0=50.625 +lon_0=21.08333333333333 +k=0.9998 +x_0=4637000 +y_0=5647000 +ellps=krass +towgs84=33.4,-146.6,-76.3,-0.359,-0.053,0.844,-0.84 +units=m +no_defs', NULL, 'http://spatialreference.org/ref/epsg/2171/', 'YES'),
(106, 'NO', 1, NULL, NULL, '2010-08-24 10:15:07', NULL, NULL, 'EPSG:2172', '+title=Pulkovo 1942(83) Zone 2 Ste +proj=sterea +lat_0=53.00194444444445 +lon_0=21.50277777777778 +k=0.9998 +x_0=4603000 +y_0=5806000 +ellps=krass +towgs84=33.4,-146.6,-76.3,-0.359,-0.053,0.844,-0.84 +units=m +no_defs', NULL, 'http://spatialreference.org/ref/epsg/2172/', 'YES'),
(107, 'NO', 1, NULL, NULL, '2010-08-24 10:15:07', NULL, NULL, 'EPSG:2173', '+title=Pulkovo 1942(83) Zone 3 Ste +proj=sterea +lat_0=53.58333333333334 +lon_0=17.00833333333333 +k=0.9998 +x_0=3501000 +y_0=5999000 +ellps=krass +towgs84=33.4,-146.6,-76.3,-0.359,-0.053,0.844,-0.84 +units=m +no_defs', NULL, 'http://spatialreference.org/ref/epsg/2173/', 'YES'),
(108, 'NO', 1, NULL, NULL, '2010-08-24 10:15:07', NULL, NULL, 'EPSG:2174', '+title=Pulkovo 1942(83) Zone 4 Ste +proj=sterea +lat_0=51.67083333333333 +lon_0=16.67222222222222 +k=0.9998 +x_0=3703000 +y_0=5627000 +ellps=krass +towgs84=33.4,-146.6,-76.3,-0.359,-0.053,0.844,-0.84 +units=m +no_defs', NULL, 'http://spatialreference.org/ref/epsg/2171/', 'YES'),
(109, 'NO', 1, NULL, NULL, '2010-08-24 10:15:07', NULL, NULL, 'EPSG:3041-TM29', '+title=ETRS89 TM29 +proj=utm +zone=29 +ellps=GRS80 +units=m +no_defs', NULL, 'http://spatialreference.org/ref/epsg/3041/', 'YES'),
(110, 'NO', 1, NULL, NULL, '2010-08-24 10:15:07', NULL, NULL, 'EPSG:3763', '+title=ETRS89 Portugal TM06 +proj=tmerc +lat_0=39.66825833333333 +lon_0=-8.133108333333334 +k=1 +x_0=0 +y_0=0 +ellps=GRS80 +units=m +no_defs', NULL, 'http://spatialreference.org/ref/epsg/3763/', 'YES'),
(111, 'NO', 1, NULL, NULL, '2010-08-24 10:15:07', NULL, NULL, 'SR-ORG:6774', '+title=DLX Lisboa +proj=tmerc +lat_0=39.66666666666666 +lon_0=-8.131906111111036 +k=1 +x_0=0 +y_0=0 +ellps=intl +units=m +no_defs', NULL, 'http://spatialreference.org/ref/sr-org/6774/', 'YES'),
(112, 'NO', 1, NULL, NULL, '2010-08-24 10:15:07', NULL, NULL, 'ESRI:102163', '+title=B-DLX Lisboa Bessel Bonne +proj=bonne +lon_0=-8.131906111111112 +lat_1=39.66666666666666 +x_0=0 +y_0=0 +ellps=bessel +units=m +no_defs', NULL, 'http://spatialreference.org/ref/esri/102163/', 'NO'),
(113, 'NO', 1, NULL, NULL, '2010-08-24 10:15:07', NULL, NULL, 'ESRI:104105', '+title=GCS Lisboa Bessel +proj=longlat +ellps=bessel +no_defs', NULL, 'http://spatialreference.org/ref/esri/104105/', 'YES'),
(114, 'NO', 1, NULL, NULL, '2010-08-24 10:15:07', NULL, NULL, 'EPSG:66636405', '+title=Porto Santo 1995 +proj=longlat +ellps=intl +towgs84=-210.502,-66.902,-48.476,2.094,15.067,5.817,0.10003843102984174 +no_defs', NULL, 'http://spatialreference.org/ref/epsg/66636405/', 'YES'),
(115, 'NO', 1, NULL, NULL, '2010-08-24 10:15:07', NULL, NULL, 'ESRI:37249', '+title=Sao Braz 1995 +proj=longlat +ellps=intl +no_defs', NULL, 'http://spatialreference.org/ref/esri/37249/', 'YES'),
(116, 'NO', 1, NULL, NULL, '2010-08-24 10:15:07', NULL, NULL, 'EPSG:66646405', '+title=Azores Oriental 1995 +proj=longlat +ellps=intl +towgs84=-208.719,129.685,52.092,-0.195,0.014,-0.327,0.040840431636925086 +no_defs', NULL, 'http://spatialreference.org/ref/epsg/66646405/', 'YES'),
(117, 'NO', 1, NULL, NULL, '2010-08-24 10:15:07', NULL, NULL, 'EPSG:66656405', '+title=Azores Centeral 1995 +proj=longlat +ellps=intl +towgs84=-103.088,162.481,-28.276,0.167,-0.082,-0.168,-0.31022226859563296 +no_defs', NULL, 'http://spatialreference.org/ref/epsg/66656405/', 'YES'),
(118, 'NO', 1, NULL, NULL, '2010-08-24 10:15:07', NULL, NULL, 'EPSG:31700', '+title=Stereo 70 +proj=sterea +lat_0=46 +lon_0=25 +k=0.99975 +x_0=500000 +y_0=500000 +ellps=krass +units=m +no_defs', NULL, 'http://spatialreference.org/ref/epsg/31700/', 'YES'),
(119, 'NO', 1, NULL, NULL, '2010-08-24 10:15:07', NULL, NULL, 'EPSG:31600', '+title=Stereo 30 +proj=sterea +lat_0=45.9 +lon_0=25.39246588888889 +k=0.9996667 +x_0=500000 +y_0=500000 +ellps=intl +units=m +no_defs', NULL, 'http://spatialreference.org/ref/epsg/31600/', 'YES'),
(120, 'NO', 1, NULL, NULL, '2010-08-24 10:15:07', NULL, NULL, 'EPSG:4923', '+title=PZ-90 +proj=longlat +a=6378136 +b=6356751.361745712 +towgs84=0.0,0.0,1.5,-0.0,0.0,-0.076,0.0 +no_defs', NULL, 'http://spatialreference.org/ref/epsg/4923/', 'YES'),
(121, 'NO', 1, NULL, NULL, '2010-08-24 10:15:07', NULL, NULL, 'EPSG:63126405', '+title=MGI +proj=longlat +ellps=bessel +towgs84=426.9,142.6,460.1,4.91,4.49,-12.42,3.5271281868253483 +no_defs', NULL, 'http://spatialreference.org/ref/epsg/63126405/', 'YES'),
(122, 'NO', 1, NULL, NULL, '2010-08-24 10:15:07', NULL, NULL, 'EPSG:3794', '+title=Slovenia 1996 +proj=tmerc +lat_0=0 +lon_0=15 +k=0.9999 +x_0=500000 +y_0=-5000000 +ellps=GRS80 +towgs84=0,0,0,0,0,0,0 +units=m +no_defs', NULL, 'http://spatialreference.org/ref/epsg/3794/', 'YES'),
(123, 'NO', 1, NULL, NULL, '2010-08-24 10:15:07', NULL, NULL, 'EPSG:69036405', '+title=Madrid 1870 +proj=longlat +a=6378298.3 +b=6356657.142669561 +pm=madrid +no_defs', NULL, 'http://spatialreference.org/ref/epsg/69036405/', 'YES'),
(124, 'NO', 1, NULL, NULL, '2010-08-24 10:15:07', NULL, NULL, 'EPSG:61246405', '+title=RT90 +proj=longlat +ellps=bessel +towgs84=414.1,41.3,603.1,-0.855,-2.141,7.023,0.0 +no_defs', NULL, 'http://spatialreference.org/ref/epsg/61246405/', 'YES'),
(125, 'NO', 1, NULL, NULL, '2010-08-24 10:15:07', NULL, NULL, 'EPSG:66196405', '+title=SWEREF99 +proj=longlat +ellps=GRS80 +towgs84=0.0,0.0,0.0,0.0,0.0,0.0,0.0 +no_defs', NULL, 'http://spatialreference.org/ref/epsg/66196405/', 'YES'),
(126, 'NO', 1, NULL, NULL, '2010-08-24 10:15:07', NULL, NULL, 'EPSG:21780', '+title=CH1903 LV03-C +proj=somerc +ellps=bessel +pm=bern +lat_0=46.95240555555556 +lon_0=0 +x_0=0 +y_0=0 +towgs84=674.374,15.056,405.346 +units=m +no_defs', NULL, 'http://spatialreference.org/ref/epsg/21780/', 'YES'),
(127, 'NO', 1, NULL, NULL, '2010-08-24 10:15:07', NULL, NULL, 'EPSG:21781', '+title=CH1903 LV03-M +proj=somerc +ellps=bessel +lat_0=46.95240555555556 +lon_0=7.439583333333333 +x_0=600000 +y_0=200000 +towgs84=674.374,15.056,405.346 +units=m +no_defs', NULL, 'http://spatialreference.org/ref/epsg/21781/', 'YES'),
(128, 'NO', 1, NULL, NULL, '2010-08-24 10:15:07', NULL, NULL, 'EPSG:2056', '+title=CH1903 plus LV95 +proj=somerc +ellps=bessel +lat_0=46.95240555555556 +lon_0=7.439583333333333 +x_0=2600000 +y_0=1200000 +towgs84=674.374,15.056,405.346 +units=m +no_defs', NULL, 'http://spatialreference.org/ref/epsg/2056/', 'YES'),
(129, 'NO', 1, NULL, NULL, '2010-08-24 10:15:07', '2010-09-14 17:19:10', NULL, 'EPSG:62586405', '+title=ETRS89 (CHTRS95) +proj=longlat +ellps=GRS80 +towgs84=0.0,0.0,0.0,0.0,0.0,0.0,0.0 +no_defs', NULL, 'http://spatialreference.org/ref/epsg/62586405/', 'NO'),
(130, 'NO', 1, NULL, NULL, '2010-08-24 10:15:07', NULL, NULL, 'EPSG:4258', '+title=ETRS89 +proj=longlat +ellps=GRS80 +no_defs', NULL, 'http://spatialreference.org/ref/epsg/4258/', 'YES'),
(131, 'NO', 1, NULL, NULL, '2010-08-24 10:15:07', '2010-09-14 17:19:10', NULL, 'EPSG:2029', '+title=NAD27(76) CA +proj=utm +zone=17 +ellps=clrk66 +units=m +no_defs', NULL, 'http://spatialreference.org/ref/epsg/2029/', 'NO'),
(132, 'NO', 1, NULL, NULL, '2010-08-24 10:15:07', '2010-09-14 17:19:10', NULL, 'EPSG:2958', '+title=NAD83 (CRS) +proj=utm +zone=17 +ellps=GRS80 +units=m +no_defs', NULL, 'http://spatialreference.org/ref/epsg/2958/', 'NO'),
(133, 'NO', 1, NULL, NULL, '2010-08-24 10:15:07', NULL, NULL, 'EPSG:61226405', '+title=ATS77 +proj=longlat +ellps=WGS72 +no_defs', NULL, 'http://spatialreference.org/ref/epsg/61226405/', 'YES'),
(134, 'NO', 1, NULL, NULL, '2010-08-24 10:15:07', NULL, NULL, 'EPSG:4467', '+title=RGSPM06 (ITRF2000) +proj=utm +zone=21 +ellps=GRS80 +units=m +no_defs', NULL, 'http://spatialreference.org/ref/epsg/4467/', 'YES'),
(135, 'NO', 1, NULL, NULL, '2010-08-24 10:15:07', NULL, NULL, 'EPSG:2987', '+title=SPM 1950 +proj=utm +zone=21 +ellps=clrk66 +towgs84=30,430,368,0,0,0,0 +units=m +no_defs', NULL, 'http://spatialreference.org/ref/epsg/2987/', 'YES'),
(136, 'NO', 1, NULL, NULL, '2010-08-24 10:15:07', '2010-09-14 17:19:10', NULL, 'EPSG:26701', '+title=NAD27 (76) +proj=utm +zone=1 +ellps=clrk66 +datum=NAD27 +units=m +no_defs', NULL, 'http://spatialreference.org/ref/epsg/26701/', 'YES'),
(137, 'NO', 1, NULL, NULL, '2010-08-24 10:15:07', NULL, NULL, 'EPSG:61696405', '+title=American Samoa 1962 +proj=longlat +ellps=clrk66 +towgs84=-115.0,118.0,426.0,0.0,0.0,0.0,0.0 +no_defs', NULL, 'http://spatialreference.org/ref/epsg/61696405/', 'YES'),
(138, 'NO', 1, NULL, NULL, '2010-08-24 10:15:07', NULL, NULL, 'EPSG:61356405', '+title=Old Hawaiian mean +proj=longlat +ellps=clrk66 +towgs84=58.0,-283.0,-182.0,0.0,0.0,0.0,0.0 +no_defs', NULL, 'http://spatialreference.org/ref/epsg/61356405/', 'YES'),
(139, 'NO', 1, NULL, NULL, '2010-08-24 10:15:07', NULL, NULL, 'EPSG:3720', '+title=NAD83 (NSRS2007) +proj=utm +zone=13 +ellps=GRS80 +towgs84=0,0,0,0,0,0,0 +units=m +no_defs', NULL, 'http://spatialreference.org/ref/epsg/3720/', 'YES'),
(140, 'NO', 1, NULL, NULL, '2010-08-24 10:15:07', NULL, NULL, 'EPSG:66216405', '+title=Fort-Marigot +proj=longlat +ellps=intl +towgs84=137.0,248.0,-430.0,0.0,0.0,0.0,0.0 +no_defs', NULL, 'http://spatialreference.org/ref/epsg/66216405/', 'YES'),
(141, 'NO', 1, NULL, NULL, '2010-08-24 10:15:07', NULL, NULL, 'EPSG:66226405', '+title=Ste-Anne +proj=longlat +ellps=intl +towgs84=-472.29,-5.63,-304.12,0.4362,-0.8374,0.2563,0.39157310817948776 +no_defs', NULL, 'http://spatialreference.org/ref/epsg/66226405/', 'YES'),
(142, 'NO', 1, NULL, NULL, '2010-08-24 10:15:07', NULL, NULL, 'EPSG:66246405', '+title=RGFG 1995 +proj=longlat +ellps=GRS80 +towgs84=2.0,2.0,-2.0,0.0,0.0,0.0,0.0 +no_defs', NULL, 'http://spatialreference.org/ref/epsg/66246405/', 'YES'),
(143, 'NO', 1, NULL, NULL, '2010-08-24 10:15:07', NULL, NULL, 'EPSG:66236405', '+title=CSG 1967 +proj=longlat +ellps=intl +towgs84=-186.0,230.0,110.0,0.0,0.0,0.0,0.0 +no_defs', NULL, 'http://spatialreference.org/ref/epsg/66236405/', 'YES'),
(144, 'NO', 1, NULL, NULL, '2010-08-24 10:15:07', NULL, NULL, 'EPSG:66406405', '+title=RRAF +proj=longlat +ellps=WGS84 +towgs84=0.0,0.0,0.0,0.0,0.0,0.0,0.0 +no_defs', NULL, 'http://spatialreference.org/ref/epsg/66406405/', 'YES'),
(145, 'NO', 1, NULL, NULL, '2010-08-24 10:15:07', NULL, NULL, 'EPSG:66256405', '+title=Fort-Desaix 1952 +proj=longlat +ellps=intl +towgs84=126.93,547.94,130.41,-2.7867,5.1612,-0.8584,2.851136537311739 +no_defs', NULL, 'http://spatialreference.org/ref/epsg/66256405/', 'YES'),
(146, 'NO', 1, NULL, NULL, '2010-08-24 10:15:07', NULL, NULL, 'EPSG:31965', '+title=SIRGAS +proj=utm +zone=11 +ellps=GRS80 +towgs84=0,0,0,0,0,0,0 +units=m +no_defs', NULL, 'http://spatialreference.org/ref/epsg/31965/', 'YES'),
(147, 'NO', 1, NULL, NULL, '2010-08-24 10:15:07', NULL, NULL, 'EPSG:63096405', '+title=YACARE +proj=longlat +ellps=intl +towgs84=-155.0,171.0,37.0,0.0,0.0,0.0,0.0 +no_defs', NULL, 'http://spatialreference.org/ref/epsg/63096405/', 'YES'),
(148, 'NO', 1, NULL, NULL, '2010-08-24 10:15:07', NULL, NULL, 'EPSG:29118', '+title=SAD69 +proj=utm +zone=18 +ellps=GRS67 +units=m +no_defs', NULL, 'http://spatialreference.org/ref/epsg/29118/', 'YES'),
(149, 'NO', 1, NULL, NULL, '2010-08-24 10:15:07', NULL, NULL, 'EPSG:4178', '+title=S42/83 Pulkovo 1942(83) +proj=longlat +ellps=krass +towgs84=24,-123,-94,0.02,-0.25,-0.13,1.1 +no_defs', NULL, 'http://spatialreference.org/ref/epsg/4178/', 'YES'),
(150, 'NO', 1, NULL, NULL, '2010-08-24 10:15:07', '2010-09-03 14:32:06', NULL, 'SR-ORG:14-UTM', '+title=GPS (WGS84) (UTM) +proj=utm +zone=31 +ellps=WGS84 +datum=WGS84 +units=degrees', NULL, 'http://spatialreference.org/ref/sr-org/14/', 'YES'),
(151, 'NO', 1, NULL, NULL, '2010-08-24 10:15:07', NULL, NULL, 'EPSG:26191', '+title=Merchich / Lambert nord +proj=lcc +lat_1=33.3 +lat_0=33.3 +lon_0=-5.4 +k_0=0.999625769 +x_0=500000 +y_0=300000 +a=6378249.2 +b=6356515 +towgs84=31,146,47,0,0,0,0 +units=m +no_defs', NULL, 'http://spatialreference.org/ref/epsg/26191/', 'YES'),
(152, 'NO', 1, NULL, NULL, '2010-08-24 10:15:07', NULL, NULL, 'EPSG:26192', '+title=Merchich / Lambert sud +proj=lcc +lat_1=29.7 +lat_0=29.7 +lon_0=-5.4 +k_0=0.9996155960000001 +x_0=500000 +y_0=300000 +a=6378249.2 +b=6356515 +towgs84=31,146,47,0,0,0,0 +units=m +no_defs', NULL, 'http://spatialreference.org/ref/epsg/26192/', 'YES'),
(153, 'NO', 1, NULL, NULL, '2010-08-24 10:15:07', NULL, NULL, 'EPSG:23031', '+title=ED 1950 (UTM) +proj=utm +zone=31 +ellps=intl +units=m +no_defs +towgs84=-84,-97,-117', NULL, 'http://spatialreference.org/ref/epsg/23031/', 'YES'),
(154, 'NO', 1, NULL, NULL, '2010-08-24 10:15:07', NULL, NULL, 'LEB:LBRT', '+title=Lebanon Lambert +proj=lcc +lat_0=34.65 +lat_1=33.07333 +lat_2=36.216443 +lon_0=37.35 +x_0=300000 +y_0=300000 +ellps=GRS80 +towgs84=0,0,0,0,0,0,0 +units=m +no_defs', NULL, '?', 'YES'),
(155, 'NO', 1, NULL, NULL, '2010-08-24 10:15:07', '2010-09-14 17:19:10', NULL, 'EPSG:31370', '+title=Belgian Datum 72 (LCC 3p) +proj=lcc +lat_1=51.16666723333333 +lat_2=49.8333339 +lat_0=90 +lon_0=4.367486666666666 +x_0=150000.013 +y_0=5400088.438 +ellps=intl +towgs84=-125.8,79.9,-100.5 +units=m +no_defs', NULL, 'http://spatialreference.org/ref/epsg/31370/proj4js/', 'YES'),
(156, 'NO', 1, NULL, NULL, '2010-08-24 11:15:21', NULL, NULL, 'CR:NS', '+title=Costa Rica N (Stenz) +proj=lcc +ellps=clrk66 +x_0=500000 +y_0=271820.522 +lon_0=-84.33333333 +lat_0=10.46666667 +lat_1=9.933333333 +lat_2=11 +towgs84=205.00,96.00,-98.00 +units=m +no_defs', NULL, '?', 'YES'),
(157, 'NO', 1, NULL, NULL, '2010-08-24 11:15:21', NULL, NULL, 'CR:NF', '+title=Costa Rica N (Fallas) +proj=lcc +ellps=clrk66 +x_0=500000 +y_0=271820.522 +lon_0=-84.33333333 +lat_0=10.46666667 +lat_1=9.933333333 +lat_2=11 +towgs84=200.00,150.00,-97.00 +units=m +no_defs', NULL, '?', 'YES'),
(158, 'NO', 1, NULL, NULL, '2010-08-24 11:15:21', NULL, NULL, 'CR:NRN', '+title=Costa Rica N (R.N.) +proj=lcc +ellps=clrk66 +x_0=500000 +y_0=271820.522 +lon_0=-84.33333333 +lat_0=10.46666667 +lat_1=9.933333333 +lat_2=11 +towgs84=6.41,-49.05,-11.28,-1.5657,-0.5242,-6.9718,-5.7649 +units=m +no_defs', NULL, '?', 'YES'),
(159, 'NO', 1, NULL, NULL, '2010-08-24 11:15:21', NULL, NULL, 'CR:SS', '+title=Costa Rica S (Stenz) +proj=lcc +ellps=clrk66 +x_0=500000 +y_0=327987.436 +lon_0=-83.66666667 +lat_0=9 +lat_1=8.466666667 +lat_2=9.533333333 +towgs84=205.00,96.00,-98.00 +units=m +no_defs', NULL, '?', 'YES'),
(160, 'NO', 1, NULL, NULL, '2010-08-24 11:15:21', NULL, NULL, 'CR:SF', '+title=Costa Rica S (Fallas) +proj=lcc +ellps=clrk66 +x_0=500000 +y_0=327987.436 +lon_0=-83.66666667 +lat_0=9 +lat_1=8.466666667 +lat_2=9.533333333 +towgs84=197.00,158.00,-95.00 +units=m +no_defs', NULL, '?', 'YES'),
(161, 'NO', 1, NULL, NULL, '2010-08-24 11:15:21', NULL, NULL, 'CR:SRN', '+title=Costa Rica S (R.N.) +proj=lcc +ellps=clrk66 +x_0=500000 +y_0=327987.436 +lon_0=-83.66666667 +lat_0=9 +lat_1=8.466666667 +lat_2=9.533333333 +towgs84=6.41,-49.05,-11.28,-1.5657,-0.5242,-6.9718,-5.7649 +units=m +no_defs', NULL, '?', 'YES'),
(162, 'NO', 1, NULL, NULL, '2010-08-24 11:15:21', NULL, NULL, 'CR:TM90', '+title=Costa Rica TM (1990) +proj=tmerc +datum=WGS84 +x_0=500000 +y_0=0 +lat_0=0 +lon_0=-84 +k_0=0.9996 +units=m +no_defs', NULL, '?', 'YES'),
(163, 'NO', 1, NULL, NULL, '2010-08-24 11:15:21', NULL, NULL, 'CR:TM05', '+title=Costa Rica TM (2005) +proj=tmerc +datum=WGS84 +x_0=500000 +y_0=0 +lat_0=0 +lon_0=-84 +k_0=0.9999 +units=m +no_defs', NULL, '?', 'YES'),
(164, 'NO', 1, NULL, NULL, '2010-08-30 15:50:57', NULL, NULL, 'EPSG:2154', '+title=Lambert 93 +proj=lcc +towgs84=0,0,0 +ellps=GRS80 +lat_0=46.500000000 +lon_0=3.000000000 +lat_1=44.000000000 +lat_2=49.000000000 +x_0=700000.000 +y_0=6600000.000 +units=m +no_defs', NULL, 'http://spatialreference.org/ref/epsg/2154', 'YES'),
(165, 'NO', 1, NULL, NULL, '2010-09-13 10:30:18', NULL, NULL, 'EPSG:27582', '+title=Lambert II Etendu +proj=lcc +lat_1=46.8 +lat_0=46.8 +lon_0=0 +k_0=0.99987742 +x_0=600000 +y_0=2200000 +a=6378249.2 +b=6356515 +towgs84=-168,-60,320,0,0,0,0 +pm=paris +units=m', NULL, 'http://spatialreference.org/ref/epsg/27582', 'YES'),
(166, 'NO', 1, NULL, NULL, '2010-09-14 17:02:42', NULL, NULL, 'EPSG:22191', '+title=Campo Inchauspe 1 +proj=tmerc +lat_0=-90 +lon_0=-72 +k=1 +x_0=1500000 +y_0=0 +ellps=intl +units=m +no_defs', NULL, 'http://spatialreference.org/ref/epsg/22191', 'YES'),
(167, 'NO', 1, NULL, NULL, '2010-09-14 17:02:42', NULL, NULL, 'EPSG:22192', '+title=Campo Inchauspe 2 +proj=tmerc +lat_0=-90 +lon_0=-69 +k=1 +x_0=2500000 +y_0=0 +ellps=intl +units=m +no_defs', NULL, 'http://spatialreference.org/ref/epsg/22192', 'YES'),
(168, 'NO', 1, NULL, NULL, '2010-09-14 17:02:42', NULL, NULL, 'EPSG:22193', '+title=Campo Inchauspe 3 +proj=tmerc +lat_0=-90 +lon_0=-66 +k=1 +x_0=3500000 +y_0=0 +ellps=intl +units=m +no_defs', NULL, 'http://spatialreference.org/ref/epsg/22193', 'YES'),
(169, 'NO', 1, NULL, NULL, '2010-09-14 17:02:42', NULL, NULL, 'EPSG:22194', '+title=Campo Inchauspe 4 +proj=tmerc +lat_0=-90 +lon_0=-63 +k=1 +x_0=4500000 +y_0=0 +ellps=intl +units=m +no_defs', NULL, 'http://spatialreference.org/ref/epsg/22194', 'YES'),
(170, 'NO', 1, NULL, NULL, '2010-09-14 17:02:42', NULL, NULL, 'EPSG:22195', '+title=Campo Inchauspe 5 +proj=tmerc +lat_0=-90 +lon_0=-60 +k=1 +x_0=5500000 +y_0=0 +ellps=intl +units=m +no_defs', NULL, 'http://spatialreference.org/ref/epsg/22195', 'YES'),
(171, 'NO', 1, NULL, NULL, '2010-09-14 17:02:42', NULL, NULL, 'EPSG:22196', '+title=Campo Inchauspe 6 +proj=tmerc +lat_0=-90 +lon_0=-57 +k=1 +x_0=6500000 +y_0=0 +ellps=intl +units=m +no_defs', NULL, 'http://spatialreference.org/ref/epsg/22196', 'YES'),
(172, 'NO', 1, NULL, NULL, '2010-09-14 17:02:42', NULL, NULL, 'EPSG:22197', '+title=Campo Inchauspe 7 +proj=tmerc +lat_0=-90 +lon_0=-54 +k=1 +x_0=7500000 +y_0=0 +ellps=intl +units=m +no_defs', NULL, 'http://spatialreference.org/ref/epsg/22197', 'YES'),
(173, 'NO', 1, NULL, NULL, '2010-09-14 17:02:42', NULL, NULL, 'EPSG:2315', '+title=Campo Inchauspe (UTM) +proj=utm +zone=19 +south +ellps=intl +units=m +no_defs', NULL, 'http://spatialreference.org/ref/epsg/2315', 'YES'),
(174, 'NO', 1, NULL, NULL, '2010-09-14 17:02:42', NULL, NULL, 'EPSG:62216405', '+title=Campo Inchauspe (Deg) +proj=longlat +ellps=intl +towgs84=-154.5,150.7,100.4,0.0,0.0,0.0,0.0 +no_defs', NULL, 'http://spatialreference.org/ref/epsg/62216405', 'YES'),
(175, 'NO', 1, NULL, NULL, '2010-09-14 17:02:42', NULL, NULL, 'EPSG:31275', '+title=MGI / Balkans zone 5 +proj=tmerc +lat_0=0 +lon_0=15 +k=0.9999 +x_0=5500000 +y_0=0 +ellps=bessel +towgs84=577.326,90.129,463.919,5.137,1.474,5.297,2.4232 +units=m +no_defs', NULL, 'http://spatialreference.org/ref/epsg/31275', 'YES'),
(176, 'NO', 1, NULL, NULL, '2010-09-14 17:02:42', NULL, NULL, 'EPSG:31276', '+title=MGI / Balkans zone 6 +proj=tmerc +lat_0=0 +lon_0=18 +k=0.9999 +x_0=6500000 +y_0=0 +ellps=bessel +towgs84=577.326,90.129,463.919,5.137,1.474,5.297,2.4232 +units=m +no_defs', NULL, 'http://spatialreference.org/ref/epsg/31276', 'YES'),
(177, 'NO', 1, NULL, NULL, '2010-09-14 17:02:42', NULL, NULL, 'EPSG:31277', '+title=MGI / Balkans zone 7 +proj=tmerc +lat_0=0 +lon_0=21 +k=0.9999 +x_0=7500000 +y_0=0 +ellps=bessel +towgs84=577.326,90.129,463.919,5.137,1.474,5.297,2.4232 +units=m +no_defs', NULL, 'http://spatialreference.org/ref/epsg/31277', 'YES'),
(178, 'NO', 1, NULL, NULL, '2010-09-14 17:02:42', NULL, NULL, 'EPSG:31279', '+title=MGI / Balkans zone 8 +proj=tmerc +lat_0=0 +lon_0=24 +k=0.9999 +x_0=8500000 +y_0=0 +ellps=bessel +towgs84=577.326,90.129,463.919,5.137,1.474,5.297,2.4232 +units=m +no_defs', NULL, 'http://spatialreference.org/ref/epsg/31279', 'YES'),
(179, 'NO', 1, NULL, NULL, '2010-09-14 17:02:42', NULL, NULL, 'EPSG:3812', '+title=Belgian Lambert 2008 +proj=lcc +lon_0=4.359215833333335 +lat_0=50.79781500000001 +lat_1=49.833333333333336 +lat_2=51.16666666666667 +x_0=649328.0 +y_0=665262.0 +ellps=GRS80 +towgs84=0,0,0,0,0,0,0 +units=m +no_defs', NULL, 'http://spatialreference.org/ref/epsg/3812', 'YES'),
(180, 'NO', 1, NULL, NULL, '2010-09-14 17:02:42', NULL, NULL, 'EPSG:3447', '+title=Belgian Lambert 2005 +proj=lcc +lat_1=49.83333333333334 +lat_2=51.16666666666666 +lat_0=50.797815 +lon_0=4.359215833333333 +x_0=150328 +y_0=166262 +ellps=GRS80 +units=m +no_defs', NULL, 'http://spatialreference.org/ref/epsg/3447', 'YES'),
(181, 'NO', 1, NULL, NULL, '2010-09-14 17:02:42', NULL, NULL, 'EPSG:31300', '+title=Belgian Datum 72 (LCC 7p) +proj=lcc +lat_1=49.83333333333334 +lat_2=51.16666666666666 +lat_0=90 +lon_0=4.356939722222222 +x_0=150000.01256 +y_0=5400088.4378 +ellps=intl +towgs84=106.869,-52.2978,103.724,-0.33657,0.456955,-1.84218,1 +units=m +no_defs', NULL, 'http://spatialreference.org/ref/epsg/31300', 'YES'),
(182, 'NO', 1, NULL, NULL, '2010-09-14 17:02:42', NULL, NULL, 'ESRI:102241', '+title=NAD 1983 HARN StatePlane California I FIPS +proj=lcc +lat_1=40 +lat_2=41.66666666666666 +lat_0=39.33333333333334 +lon_0=-122 +x_0=2000000 +y_0=500000 +ellps=GRS80 +units=m +no_defs', NULL, 'http://spatialreference.org/ref/esri/102241', 'YES'),
(183, 'NO', 1, NULL, NULL, '2010-09-14 17:02:42', NULL, NULL, 'ESRI:102242', '+title=NAD 1983 HARN StatePlane California II FIPS +proj=lcc +lat_1=38.33333333333334 +lat_2=39.83333333333334 +lat_0=37.66666666666666 +lon_0=-122 +x_0=2000000 +y_0=500000 +ellps=GRS80 +units=m +no_defs', NULL, 'http://spatialreference.org/ref/esri/102242', 'YES'),
(184, 'NO', 1, NULL, NULL, '2010-09-14 17:02:42', NULL, NULL, 'ESRI:102243', '+title=NAD 1983 HARN StatePlane California III FIPS +proj=lcc +lat_1=37.06666666666667 +lat_2=38.43333333333333 +lat_0=36.5 +lon_0=-120.5 +x_0=2000000 +y_0=500000 +ellps=GRS80 +units=m +no_defs', NULL, 'http://spatialreference.org/ref/esri/102243', 'YES'),
(185, 'NO', 1, NULL, NULL, '2010-09-14 17:02:42', NULL, NULL, 'ESRI:102244', '+title=NAD 1983 HARN StatePlane California IV FIPS +proj=lcc +lat_1=36 +lat_2=37.25 +lat_0=35.33333333333334 +lon_0=-119 +x_0=2000000 +y_0=500000 +ellps=GRS80 +units=m +no_defs', NULL, 'http://spatialreference.org/ref/esri/102244', 'YES'),
(186, 'NO', 1, NULL, NULL, '2010-09-14 17:02:42', NULL, NULL, 'ESRI:102245', '+title=NAD 1983 HARN StatePlane California V FIPS +proj=lcc +lat_1=34.03333333333333 +lat_2=35.46666666666667 +lat_0=33.5 +lon_0=-118 +x_0=2000000 +y_0=500000 +ellps=GRS80 +units=m +no_defs', NULL, 'http://spatialreference.org/ref/esri/102245', 'YES');
INSERT INTO `T_crs` (`Id`, `Locked`, `Id_author`, `Id_reviewer`, `Id_locker`, `Date_inscription`, `Date_reviewed`, `Date_locked`, `Code`, `Definition`, `Bounds`, `Url`, `Enabled`) VALUES
(187, 'NO', 1, NULL, NULL, '2010-09-14 17:02:42', NULL, NULL, 'ESRI:102246', '+title=NAD 1983 HARN StatePlane California VI FIPS +proj=lcc +lat_1=32.78333333333333 +lat_2=33.88333333333333 +lat_0=32.16666666666666 +lon_0=-116.25 +x_0=2000000 +y_0=500000 +ellps=GRS80 +units=m +no_defs', NULL, 'http://spatialreference.org/ref/esri/102246', 'YES'),
(188, 'NO', 1, NULL, NULL, '2010-09-14 17:02:42', NULL, NULL, 'EPSG:26908', '+title=NAD83 UTM +proj=utm +zone=8 +ellps=GRS80 +datum=NAD83 +units=m +no_defs', NULL, 'http://spatialreference.org/ref/epsg/26908', 'YES'),
(189, 'NO', 1, NULL, NULL, '2010-09-14 17:02:42', NULL, NULL, 'EPSG:2195', '+title=NAD83 (HARN) +proj=utm +zone=2 +south +ellps=GRS80 +units=m +no_defs', NULL, 'http://spatialreference.org/ref/epsg/2195', 'YES'),
(190, 'NO', 1, NULL, NULL, '2010-09-14 17:02:42', NULL, NULL, 'EPSG:2960', '+title=NAD83 (CSRS) +proj=utm +zone=19 +ellps=GRS80 +units=m +no_defs', NULL, 'http://spatialreference.org/ref/epsg/2960', 'YES'),
(191, 'NO', 1, NULL, NULL, '2010-09-14 17:02:42', NULL, NULL, 'EPSG:2008', '+title=NAD27 (CGQ77) +proj=tmerc +lat_0=0 +lon_0=-55.5 +k=0.9999 +x_0=304800 +y_0=0 +ellps=clrk66 +units=m +no_defs', NULL, 'http://spatialreference.org/ref/epsg/2008', 'YES'),
(192, 'NO', 1, NULL, NULL, '2010-09-14 17:02:42', NULL, NULL, 'EPSG:3114', '+title=Magna-Sirgas Far West +proj=tmerc +lat_0=4.596200416666666 +lon_0=-80.07750791666666 +k=1 +x_0=1000000 +y_0=1000000 +ellps=GRS80 +towgs84=0,0,0,0,0,0,0 +units=m +no_defs', NULL, 'http://spatialreference.org/ref/epsg/3114', 'YES'),
(193, 'NO', 1, NULL, NULL, '2010-09-14 17:02:42', NULL, NULL, 'EPSG:3115', '+title=Magna-Sirgas West +proj=tmerc +lat_0=4.596200416666666 +lon_0=-77.07750791666666 +k=1 +x_0=1000000 +y_0=1000000 +ellps=GRS80 +towgs84=0,0,0,0,0,0,0 +units=m +no_defs', NULL, 'http://spatialreference.org/ref/epsg/3115', 'YES'),
(194, 'NO', 1, NULL, NULL, '2010-09-14 17:02:42', NULL, NULL, 'EPSG:3116', '+title=Magna-Sirgas Bogota +proj=tmerc +lat_0=4.596200416666666 +lon_0=-74.07750791666666 +k=1 +x_0=1000000 +y_0=1000000 +ellps=GRS80 +towgs84=0,0,0,0,0,0,0 +units=m +no_defs', NULL, 'http://spatialreference.org/ref/epsg/3116', 'YES'),
(195, 'NO', 1, NULL, NULL, '2010-09-14 17:02:42', NULL, NULL, 'EPSG:3117', '+title=Magna-Sirgas East Central +proj=tmerc +lat_0=4.596200416666666 +lon_0=-71.07750791666666 +k=1 +x_0=1000000 +y_0=1000000 +ellps=GRS80 +towgs84=0,0,0,0,0,0,0 +units=m +no_defs', NULL, 'http://spatialreference.org/ref/epsg/3117', 'YES'),
(196, 'NO', 1, NULL, NULL, '2010-09-14 17:02:42', NULL, NULL, 'EPSG:3118', '+title=Magna-Sirgas East +proj=tmerc +lat_0=4.596200416666666 +lon_0=-68.07750791666666 +k=1 +x_0=1000000 +y_0=1000000 +ellps=GRS80 +towgs84=0,0,0,0,0,0,0 +units=m +no_defs', NULL, 'http://spatialreference.org/ref/epsg/3118', 'YES'),
(197, 'NO', 1, NULL, NULL, '2010-09-14 17:02:42', NULL, NULL, 'EPSG:21896', '+title=Bogota 1975 West +proj=tmerc +lat_0=4.599047222222222 +lon_0=-77.08091666666667 +k=1 +x_0=1000000 +y_0=1000000 +ellps=intl +towgs84=307,304,-318,0,0,0,0 +units=m +no_defs', NULL, 'http://spatialreference.org/ref/epsg/21896', 'YES'),
(198, 'NO', 1, NULL, NULL, '2010-09-14 17:02:42', NULL, NULL, 'EPSG:21897', '+title=Bogota 1975 Bogota +proj=tmerc +lat_0=4.599047222222222 +lon_0=-74.08091666666667 +k=1 +x_0=1000000 +y_0=1000000 +ellps=intl +towgs84=307,304,-318,0,0,0,0 +units=m +no_defs', NULL, 'http://spatialreference.org/ref/epsg/21897', 'YES'),
(199, 'NO', 1, NULL, NULL, '2010-09-14 17:02:42', NULL, NULL, 'EPSG:21898', '+title=Bogota 1975 East Central +proj=tmerc +lat_0=4.599047222222222 +lon_0=-71.08091666666667 +k=1 +x_0=1000000 +y_0=1000000 +ellps=intl +towgs84=307,304,-318,0,0,0,0 +units=m +no_defs', NULL, 'http://spatialreference.org/ref/epsg/21898', 'YES'),
(200, 'NO', 1, NULL, NULL, '2010-09-14 17:02:42', NULL, NULL, 'EPSG:21899', '+title=Bogota 1975 East +proj=tmerc +lat_0=4.599047222222222 +lon_0=-68.08091666666667 +k=1 +x_0=1000000 +y_0=1000000 +ellps=intl +towgs84=307,304,-318,0,0,0,0 +units=m +no_defs', NULL, 'http://spatialreference.org/ref/epsg/21899', 'YES'),
(201, 'NO', 1, NULL, NULL, '2010-09-14 17:02:42', NULL, NULL, 'EPSG:3765', '+title=HTRS96 (tmerc) +proj=tmerc +lat_0=0 +lon_0=16.5 +k=0.9999 +x_0=500000 +y_0=0 +ellps=GRS80 +towgs84=0,0,0,0,0,0,0 +units=m +no_defs', NULL, 'http://spatialreference.org/ref/epsg/3765', 'YES'),
(202, 'NO', 1, NULL, NULL, '2010-09-14 17:02:42', NULL, NULL, 'EPSG:3766', '+title=HTRS96 (LCC) +proj=lcc +lat_1=45.91666666666666 +lat_2=43.08333333333334 +lat_0=0 +lon_0=16.5 +x_0=0 +y_0=0 +ellps=GRS80 +towgs84=0,0,0,0,0,0,0 +units=m +no_defs', NULL, 'http://spatialreference.org/ref/epsg/3766', 'YES'),
(203, 'NO', 1, NULL, NULL, '2010-09-14 17:02:42', NULL, NULL, 'EPSG:3767', '+title=HTRS96 (UTM) +proj=utm +zone=33 +ellps=GRS80 +towgs84=0,0,0,0,0,0,0 +units=m +no_defs', NULL, 'http://spatialreference.org/ref/epsg/3767', 'YES'),
(204, 'NO', 1, NULL, NULL, '2010-09-14 17:02:42', NULL, NULL, 'EPSG:4761', '+title=HTRS96 (Deg) +proj=longlat +ellps=GRS80 +towgs84=0,0,0,0,0,0,0 +no_defs', NULL, 'http://spatialreference.org/ref/epsg/4761', 'YES'),
(205, 'NO', 1, NULL, NULL, '2010-09-14 17:02:42', NULL, NULL, 'EPSG:22991', '+title=Egypt 1907 / Blue Belt  +proj=tmerc +lat_0=30 +lon_0=35 +k=1 +x_0=300000 +y_0=1100000 +ellps=helmert +units=m +no_defs', NULL, 'http://spatialreference.org/ref/epsg/22991', 'YES'),
(206, 'NO', 1, NULL, NULL, '2010-09-14 17:02:42', NULL, NULL, 'EPSG:22992', '+title=Egypt 1907 / Red Belt +proj=tmerc +lat_0=30 +lon_0=31 +k=1 +x_0=615000 +y_0=810000 +ellps=helmert +units=m +no_defs', NULL, 'http://spatialreference.org/ref/epsg/22992', 'YES'),
(207, 'NO', 1, NULL, NULL, '2010-09-14 17:02:42', NULL, NULL, 'EPSG:22993', '+title=Egypt 1907 / Purple Belt +proj=tmerc +lat_0=30 +lon_0=27 +k=1 +x_0=700000 +y_0=200000 +ellps=helmert +units=m +no_defs', NULL, 'http://spatialreference.org/ref/epsg/22993', 'YES'),
(208, 'NO', 1, NULL, NULL, '2010-09-14 17:02:42', NULL, NULL, 'EPSG:22994', '+title=Egypt 1907 / Extended Purple Belt +proj=tmerc +lat_0=30 +lon_0=27 +k=1 +x_0=700000 +y_0=1200000 +ellps=helmert +units=m +no_defs', NULL, 'http://spatialreference.org/ref/epsg/22994', 'YES'),
(209, 'NO', 1, NULL, NULL, '2010-09-14 17:02:42', NULL, NULL, 'EPSG:4229', '+title=Egypt 1907 (Deg) +proj=longlat +ellps=helmert +no_defs', NULL, 'http://spatialreference.org/ref/epsg/4229', 'YES'),
(210, 'NO', 1, NULL, NULL, '2010-09-14 17:02:42', NULL, NULL, 'EPSG:4199', '+title=Egypt 1930 (Deg) +proj=longlat +ellps=intl +no_defs', NULL, 'http://spatialreference.org/ref/epsg/4199', 'YES'),
(211, 'NO', 1, NULL, NULL, '2010-09-14 17:02:42', NULL, NULL, 'EPSG:3034', '+title=ETRS89 (LCC) +proj=lcc +lat_1=35 +lat_2=65 +lat_0=52 +lon_0=10 +x_0=4000000 +y_0=2800000 +ellps=GRS80 +units=m +no_defs', NULL, 'http://spatialreference.org/ref/epsg/3034', 'YES'),
(212, 'NO', 1, NULL, NULL, '2010-09-14 17:02:42', NULL, NULL, 'EPSG:23700', '+title=HD72 / EOV  +proj=somerc +lat_0=47.14439372222222 +lon_0=19.04857177777778 +x_0=650000 +y_0=200000 +ellps=GRS67 +units=m +no_defs', NULL, 'http://spatialreference.org/ref/epsg/23700', 'YES'),
(213, 'NO', 1, NULL, NULL, '2010-09-14 17:02:42', NULL, NULL, 'EPSG:4237', '+title=HD72 (Deg) +proj=longlat +ellps=GRS67 +no_defs', NULL, 'http://spatialreference.org/ref/epsg/4237', 'YES'),
(214, 'NO', 1, NULL, NULL, '2010-09-14 17:02:42', NULL, NULL, 'SR-ORG:4685', '+title=Gauss Boaga Fuso Ovest +proj=tmerc +lat_0=0 +lon_0=9 +k=0.9996 +x_0=1500000 +y_0=0 +ellps=intl +units=m +no_defs', NULL, 'http://spatialreference.org/ref/sr-org/4685', 'YES'),
(215, 'NO', 1, NULL, NULL, '2010-09-14 17:02:42', NULL, NULL, 'SR-ORG:4686', '+title=Gauss Boaga Fuso Est +proj=tmerc +lat_0=0 +lon_0=15 +k=0.9996 +x_0=2520000 +y_0=0 +ellps=intl +units=m +no_defs', NULL, 'http://spatialreference.org/ref/sr-org/4686', 'YES'),
(216, 'NO', 1, NULL, NULL, '2010-09-14 17:02:42', NULL, NULL, 'EPSG:3066', '+title=ED50 / Jordan TM +proj=tmerc +lat_0=0 +lon_0=37 +k=0.9998 +x_0=500000 +y_0=-3000000 +ellps=intl +units=m +no_defs', NULL, 'http://spatialreference.org/ref/epsg/3066', 'YES'),
(217, 'NO', 1, NULL, NULL, '2010-09-14 17:02:42', NULL, NULL, 'SR-ORG:6618', '+title=Madagascar Laborde Tan1925 +proj=omerc +lat_0=-18.9 +lonc=46.43722917 +alpha=18.9 +k=0.9995000000000001 +x_0=400000 +y_0=800000 +ellps=intl +units=m +no_defs', NULL, 'http://spatialreference.org/ref/sr-org/6618', 'YES'),
(218, 'NO', 1, NULL, NULL, '2010-09-14 17:02:42', NULL, NULL, 'EPSG:3167', '+title=Kertau (RSO) (ch) +proj=omerc +lat_0=4 +lonc=102.25 +alpha=323.0257905 +k=0.99984 +x_0=40000 +y_0=0 +a=6377295.664 +b=6356094.667915204 +to_meter=20.116756 +no_defs', NULL, 'http://spatialreference.org/ref/epsg/3167', 'YES'),
(219, 'NO', 1, NULL, NULL, '2010-09-14 17:02:42', NULL, NULL, 'EPSG:3168', '+title=Kertau (RSO) (m) +proj=omerc +lat_0=4 +lonc=102.25 +alpha=323.0257905 +k=0.99984 +x_0=804670.24 +y_0=0 +a=6377295.664 +b=6356094.667915204 +units=m +no_defs', NULL, 'http://spatialreference.org/ref/epsg/3168', 'YES'),
(220, 'NO', 1, NULL, NULL, '2010-09-14 17:02:42', NULL, NULL, 'EPSG:4245', '+title=Kertau 1968 (Deg) +proj=longlat +a=6377304.063 +b=6356103.038993155 +towgs84=-11,851,5,0,0,0,0 +no_defs', NULL, 'http://spatialreference.org/ref/epsg/4245', 'YES'),
(221, 'NO', 1, NULL, NULL, '2010-09-14 17:02:42', NULL, NULL, 'EPSG:24547', '+title=Kertau 1968 (UTM) +proj=utm +zone=47 +a=6377304.063 +b=6356103.038993155 +towgs84=-11,851,5,0,0,0,0 +units=m +no_defs', NULL, 'http://spatialreference.org/ref/epsg/24547', 'YES'),
(222, 'NO', 1, NULL, NULL, '2010-09-14 17:02:42', NULL, NULL, 'EPSG:20790', '+title=Lisbon (Lisbon) / Portuguese National Grid +proj=tmerc +lat_0=39.66666666666666 +lon_0=1 +k=1 +x_0=200000 +y_0=300000 +ellps=intl +pm=lisbon +units=m +no_defs', NULL, 'http://spatialreference.org/ref/epsg/20790', 'YES'),
(223, 'NO', 1, NULL, NULL, '2010-09-14 17:02:42', NULL, NULL, 'EPSG:2629', '+title=Pulkovo 1942 / 3-degree Gauss-Kruger CM 159E +proj=tmerc +lat_0=0 +lon_0=159 +k=1 +x_0=500000 +y_0=0 +ellps=krass +units=m +no_defs', NULL, 'http://spatialreference.org/ref/epsg/2629', 'YES'),
(224, 'NO', 1, NULL, NULL, '2010-09-14 17:02:42', NULL, NULL, 'EPSG:2686', '+title=Pulkovo 1995 / 3-degree Gauss-Kruger zone 52 +proj=tmerc +lat_0=0 +lon_0=156 +k=1 +x_0=52500000 +y_0=0 +ellps=krass +units=m +no_defs', NULL, 'http://spatialreference.org/ref/epsg/2686', 'YES'),
(225, 'NO', 1, NULL, NULL, '2010-09-14 17:02:42', NULL, NULL, 'EPSG:2687', '+title=Pulkovo 1995 / 3-degree Gauss-Kruger zone 53 +proj=tmerc +lat_0=0 +lon_0=159 +k=1 +x_0=53500000 +y_0=0 +ellps=krass +units=m +no_defs', NULL, 'http://spatialreference.org/ref/epsg/2687', 'YES'),
(226, 'NO', 1, NULL, NULL, '2010-09-14 17:02:42', NULL, NULL, 'EPSG:3414', '+title=SVY21 Singapore (tmerc) +proj=tmerc +lat_0=1.366666666666667 +lon_0=103.8333333333333 +k=1 +x_0=28001.642 +y_0=38744.572 +ellps=WGS84 +units=m +no_defs', NULL, 'http://spatialreference.org/ref/epsg/3414', 'YES'),
(227, 'NO', 1, NULL, NULL, '2010-09-14 17:02:42', NULL, NULL, 'ESRI:102737', '+title=NAD 1983 StatePlane Texas North +proj=lcc +lat_1=34.65 +lat_2=36.18333333333333 +lat_0=34 +lon_0=-101.5 +x_0=200000 +y_0=1000000 +ellps=GRS80 +datum=NAD83 +to_meter=0.3048006096012192 +no_defs', NULL, 'http://spatialreference.org/ref/esri/102737', 'YES'),
(228, 'NO', 1, NULL, NULL, '2010-09-14 17:02:42', NULL, NULL, 'ESRI:102738', '+title=NAD 1983 StatePlane Texas North Central +proj=lcc +lat_1=32.13333333333333 +lat_2=33.96666666666667 +lat_0=31.66666666666667 +lon_0=-98.5 +x_0=600000.0000000001 +y_0=2000000 +ellps=GRS80 +datum=NAD83 +to_meter=0.3048006096012192 +no_defs', NULL, 'http://spatialreference.org/ref/esri/102738', 'YES'),
(229, 'NO', 1, NULL, NULL, '2010-09-14 17:02:42', NULL, NULL, 'ESRI:102739', '+title=NAD 1983 StatePlane Texas Central +proj=lcc +lat_1=30.11666666666667 +lat_2=31.88333333333333 +lat_0=29.66666666666667 +lon_0=-100.3333333333333 +x_0=700000 +y_0=3000000 +ellps=GRS80 +datum=NAD83 +to_meter=0.3048006096012192 +no_defs', NULL, 'http://spatialreference.org/ref/esri/102739', 'YES'),
(230, 'NO', 1, NULL, NULL, '2010-09-14 17:02:42', NULL, NULL, 'ESRI:102740', '+title=NAD 1983 StatePlane Texas South Central +proj=lcc +lat_1=28.38333333333333 +lat_2=30.28333333333334 +lat_0=27.83333333333333 +lon_0=-99 +x_0=600000.0000000001 +y_0=4000000 +ellps=GRS80 +datum=NAD83 +to_meter=0.3048006096012192 +no_defs', NULL, 'http://spatialreference.org/ref/esri/102740', 'YES'),
(231, 'NO', 1, NULL, NULL, '2010-09-14 17:02:42', NULL, NULL, 'ESRI:102741', '+title=NAD 1983 StatePlane Texas South +proj=lcc +lat_1=26.16666666666667 +lat_2=27.83333333333333 +lat_0=25.66666666666667 +lon_0=-98.5 +x_0=300000 +y_0=4999999.999999999 +ellps=GRS80 +datum=NAD83 +to_meter=0.3048006096012192 +no_defs', NULL, 'http://spatialreference.org/ref/esri/102741', 'YES'),
(232, 'NO', 1, NULL, NULL, '2010-09-14 17:02:42', NULL, NULL, 'EPSG:3594', '+title=NAD 1983 Minnesota Central +proj=lcc +lat_1=47.05 +lat_2=45.61666666666667 +lat_0=45 +lon_0=-94.25 +x_0=800000 +y_0=100000 +ellps=GRS80 +towgs84=0,0,0,0,0,0,0 +units=m +no_defs', NULL, 'http://spatialreference.org/ref/epsg/3594', 'YES'),
(233, 'NO', 1, NULL, NULL, '2010-09-14 17:02:42', NULL, NULL, 'EPSG:3595', '+title=NAD 1983 Minnesota North +proj=lcc +lat_1=48.63333333333333 +lat_2=47.03333333333333 +lat_0=46.5 +lon_0=-93.09999999999999 +x_0=800000 +y_0=100000 +ellps=GRS80 +towgs84=0,0,0,0,0,0,0 +units=m +no_defs', NULL, 'http://spatialreference.org/ref/epsg/3595', 'YES'),
(234, 'NO', 1, NULL, NULL, '2010-09-14 17:02:42', NULL, NULL, 'EPSG:3596', '+title=NAD 1983 Minnesota South +proj=lcc +lat_1=45.21666666666667 +lat_2=43.78333333333333 +lat_0=43 +lon_0=-94 +x_0=800000 +y_0=100000 +ellps=GRS80 +towgs84=0,0,0,0,0,0,0 +units=m +no_defs', NULL, 'http://spatialreference.org/ref/epsg/3596', 'YES'),
(235, 'NO', 1, NULL, NULL, '2010-09-14 17:02:42', NULL, NULL, 'GOOGLE', '+title=Google Maps projection +proj=merc +a=6378137 +b=6378137 +lat_ts=0.0 +lon_0=0.0 +x_0=0.0 +y_0=0 +k=1.0 +units=m +nadgrids=@null +no_defs', NULL, '', 'YES'),
(236, 'NO', 1, NULL, NULL, '2010-09-14 17:02:42', NULL, NULL, 'SR-ORG:6974', '+title=MODIS Sinusoidal  +proj=sinu +lon_0=0 +x_0=0 +y_0=0 +ellps=WGS84 +datum=WGS84 +units=m +no_defs', NULL, 'http://spatialreference.org/ref/sr-org/6974', 'YES'),
(274, 'NO', 1, NULL, NULL, '2010-11-17 14:18:05', NULL, NULL, 'EPSG:20137', '+title=Adindan UTM +proj=utm +zone=37 +ellps=clrk80 +units=m +no_defs', NULL, 'http://spatialreference.org/ref/epsg/20137', 'YES'),
(273, 'NO', 1, NULL, NULL, '2010-11-17 14:18:05', NULL, NULL, 'EPSG:226898', '+title=NAD 1983 (CSRS) MTM zone 1 +proj=tmerc +lat_0=0 +lon_0=-53 +k=0.9999 +x_0=304800 +y_0=0 +ellps=GRS80 +units=m +no_defs', NULL, 'http://spatialreference.org/ref/epsg/226898', 'YES'),
(272, 'NO', 1, NULL, NULL, '2010-11-17 14:18:05', NULL, NULL, 'EPSG:2944', '+title=NAD 1983 (CSRS) MTM zone 2 +proj=tmerc +lat_0=0 +lon_0=-55.5 +k=0.9999 +x_0=304800 +y_0=0 +ellps=GRS80 +units=m +no_defs', NULL, 'http://spatialreference.org/ref/epsg/2944', 'YES'),
(271, 'NO', 1, NULL, NULL, '2010-11-17 14:18:05', NULL, NULL, 'EPSG:2945', '+title=NAD 1983 (CSRS) MTM zone 3 +proj=tmerc +lat_0=0 +lon_0=-58.5 +k=0.9999 +x_0=304800 +y_0=0 +ellps=GRS80 +units=m +no_defs', NULL, 'http://spatialreference.org/ref/epsg/2945', 'YES'),
(269, 'NO', 1, NULL, NULL, '2010-11-17 14:18:05', NULL, NULL, 'EPSG:2947', '+title=NAD 1983 (CSRS) MTM zone 5 +proj=tmerc +lat_0=0 +lon_0=-64.5 +k=0.9999 +x_0=304800 +y_0=0 +ellps=GRS80 +units=m +no_defs', NULL, 'http://spatialreference.org/ref/epsg/2947', 'YES'),
(270, 'NO', 1, NULL, NULL, '2010-11-17 14:18:05', NULL, NULL, 'EPSG:2946', '+title=NAD 1983 (CSRS) MTM zone 4 +proj=tmerc +lat_0=0 +lon_0=-61.5 +k=0.9999 +x_0=304800 +y_0=0 +ellps=GRS80 +units=m +no_defs', NULL, 'http://spatialreference.org/ref/epsg/2946', 'YES'),
(268, 'NO', 1, NULL, NULL, '2010-11-17 14:18:05', NULL, NULL, 'EPSG:2948', '+title=NAD 1983 (CSRS) MTM zone 6 +proj=tmerc +lat_0=0 +lon_0=-67.5 +k=0.9999 +x_0=304800 +y_0=0 +ellps=GRS80 +units=m +no_defs', NULL, 'http://spatialreference.org/ref/epsg/2948', 'YES'),
(267, 'NO', 1, NULL, NULL, '2010-11-17 14:18:05', NULL, NULL, 'EPSG:2949', '+title=NAD 1983 (CSRS) MTM zone 7 +proj=tmerc +lat_0=0 +lon_0=-70.5 +k=0.9999 +x_0=304800 +y_0=0 +ellps=GRS80 +units=m +no_defs', NULL, 'http://spatialreference.org/ref/epsg/2949', 'YES'),
(266, 'NO', 1, NULL, NULL, '2010-11-17 14:18:05', NULL, NULL, 'EPSG:2950', '+title=NAD 1983 (CSRS) MTM zone 8 +proj=tmerc +lat_0=0 +lon_0=-73.5 +k=0.9999 +x_0=304800 +y_0=0 +ellps=GRS80 +units=m +no_defs', NULL, 'http://spatialreference.org/ref/epsg/2950', 'YES'),
(265, 'NO', 1, NULL, NULL, '2010-11-17 14:18:05', NULL, NULL, 'EPSG:2951', '+title=NAD 1983 (CSRS) MTM zone 9 +proj=tmerc +lat_0=0 +lon_0=-76.5 +k=0.9999 +x_0=304800 +y_0=0 +ellps=GRS80 +units=m +no_defs', NULL, 'http://spatialreference.org/ref/epsg/2951', 'YES'),
(264, 'NO', 1, NULL, NULL, '2010-11-17 14:18:05', NULL, NULL, 'EPSG:2952', '+title=NAD 1983 (CSRS) MTM zone 10 +proj=tmerc +lat_0=0 +lon_0=-79.5 +k=0.9999 +x_0=304800 +y_0=0 +ellps=GRS80 +units=m +no_defs', NULL, 'http://spatialreference.org/ref/epsg/2952', 'YES'),
(263, 'NO', 1, NULL, NULL, '2010-11-17 14:18:05', NULL, NULL, 'EPSG:26891', '+title=NAD 1983 (CSRS) MTM zone 11 +proj=tmerc +lat_0=0 +lon_0=-82.5 +k=0.9999 +x_0=304800 +y_0=0 +ellps=GRS80 +units=m +no_defs', NULL, 'http://spatialreference.org/ref/epsg/26891', 'YES'),
(262, 'NO', 1, NULL, NULL, '2010-11-17 14:18:05', NULL, NULL, 'EPSG:26892', '+title=NAD 1983 (CSRS) MTM zone 12 +proj=tmerc +lat_0=0 +lon_0=-81 +k=0.9999 +x_0=304800 +y_0=0 +ellps=GRS80 +units=m +no_defs', NULL, 'http://spatialreference.org/ref/epsg/26892', 'YES'),
(261, 'NO', 1, NULL, NULL, '2010-11-17 14:18:05', NULL, NULL, 'EPSG:26893', '+title=NAD 1983 (CSRS) MTM zone 13 +proj=tmerc +lat_0=0 +lon_0=-84 +k=0.9999 +x_0=304800 +y_0=0 +ellps=GRS80 +units=m +no_defs', NULL, 'http://spatialreference.org/ref/epsg/26893', 'YES'),
(260, 'NO', 1, NULL, NULL, '2010-11-17 14:18:05', NULL, NULL, 'EPSG:26894', '+title=NAD 1983 (CSRS) MTM zone 14 +proj=tmerc +lat_0=0 +lon_0=-87 +k=0.9999 +x_0=304800 +y_0=0 +ellps=GRS80 +units=m +no_defs', NULL, 'http://spatialreference.org/ref/epsg/26894', 'YES'),
(259, 'NO', 1, NULL, NULL, '2010-11-17 14:18:05', NULL, NULL, 'EPSG:26895', '+title=NAD 1983 (CSRS) MTM zone 15 +proj=tmerc +lat_0=0 +lon_0=-90 +k=0.9999 +x_0=304800 +y_0=0 +ellps=GRS80 +units=m +no_defs', NULL, 'http://spatialreference.org/ref/epsg/26895', 'YES'),
(258, 'NO', 1, NULL, NULL, '2010-11-17 14:18:05', NULL, NULL, 'EPSG:26896', '+title=NAD 1983 (CSRS) MTM zone 16 +proj=tmerc +lat_0=0 +lon_0=-93 +k=0.9999 +x_0=304800 +y_0=0 +ellps=GRS80 +units=m +no_defs', NULL, 'http://spatialreference.org/ref/epsg/26896', 'YES'),
(257, 'NO', 1, NULL, NULL, '2010-11-17 14:18:05', NULL, NULL, 'EPSG:26897', '+title=NAD 1983 (CSRS) MTM zone 17 +proj=tmerc +lat_0=0 +lon_0=-96 +k=0.9999 +x_0=304800 +y_0=0 +ellps=GRS80 +units=m +no_defs', NULL, 'http://spatialreference.org/ref/epsg/26897', 'YES'),
(256, 'NO', 1, NULL, NULL, '2010-11-17 14:18:05', NULL, NULL, 'EPSG:2827', '+title=NAD 1983 HARN New Mexico West +proj=tmerc +lat_0=31 +lon_0=-107.8333333333333 +k=0.999916667 +x_0=830000 +y_0=0 +ellps=GRS80 +units=m +no_defs', NULL, 'http://spatialreference.org/ref/epsg/2827', 'YES'),
(255, 'NO', 1, NULL, NULL, '2010-11-17 14:18:05', NULL, NULL, 'EPSG:2826', '+title=NAD 1983 HARN New Mexico Central +proj=tmerc +lat_0=31 +lon_0=-106.25 +k=0.9999 +x_0=500000 +y_0=0 +ellps=GRS80 +units=m +no_defs', NULL, 'http://spatialreference.org/ref/epsg/2826', 'YES'),
(254, 'NO', 1, NULL, NULL, '2010-11-17 14:18:05', NULL, NULL, 'EPSG:2825', '+title=NAD 1983 HARN New Mexico East +proj=tmerc +lat_0=31 +lon_0=-104.3333333333333 +k=0.999909091 +x_0=165000 +y_0=0 +ellps=GRS80 +units=m +no_defs', NULL, 'http://spatialreference.org/ref/epsg/2825', 'YES'),
(253, 'NO', 1, NULL, NULL, '2010-11-17 14:18:05', NULL, NULL, 'EPSG:3023', '+title=RT90 2.5 gon O +proj=tmerc +lat_0=0 +lon_0=20.30827777777778 +k=1 +x_0=1500000 +y_0=0 +ellps=bessel +units=m +no_defs', NULL, 'http://spatialreference.org/ref/epsg/3023', 'YES'),
(252, 'NO', 1, NULL, NULL, '2010-11-17 14:18:05', NULL, NULL, 'EPSG:3021', '+title=RT90 2.5 gon V +proj=tmerc +lat_0=0 +lon_0=15.80827777777778 +k=1 +x_0=1500000 +y_0=0 +ellps=bessel +units=m +no_defs', NULL, 'http://spatialreference.org/ref/epsg/3021', 'YES'),
(250, 'NO', 1, NULL, NULL, '2010-11-17 14:18:05', NULL, NULL, 'EPSG:30731', '+title=Sahara 1959 UTM +proj=utm +zone=31 +ellps=clrk80 +units=m +no_defs', NULL, 'http://spatialreference.org/ref/epsg/30731', 'YES'),
(251, 'NO', 1, NULL, NULL, '2010-11-17 14:18:05', NULL, NULL, 'EPSG:2400', '+title=RT90 2.5 gon W +proj=tmerc +lat_0=0 +lon_0=15.80827777777778 +k=1 +x_0=1500000 +y_0=0 +ellps=bessel +units=m +no_defs', NULL, 'http://spatialreference.org/ref/epsg/2400', 'YES'),
(249, 'NO', 1, NULL, NULL, '2010-11-17 14:18:05', NULL, NULL, 'EPSG:22391', '+title=Carthage North +proj=lcc +lat_1=36 +lat_0=36 +lon_0=9.9 +k_0=0.999625544 +x_0=500000 +y_0=300000 +a=6378249.2 +b=6356515 +units=m +no_defs', NULL, 'http://spatialreference.org/ref/epsg/22391', 'YES'),
(248, 'NO', 1, NULL, NULL, '2010-11-17 14:18:05', NULL, NULL, 'EPSG:22392', '+title=Carthage South +proj=lcc +lat_1=33.3 +lat_0=33.3 +lon_0=9.9 +k_0=0.999625769 +x_0=500000 +y_0=300000 +a=6378249.2 +b=6356515 +units=m +no_defs', NULL, 'http://spatialreference.org/ref/epsg/22392', 'YES'),
(247, 'NO', 1, NULL, NULL, '2010-11-17 14:18:05', NULL, NULL, 'EPSG:22332', '+title=Carthage UTM +proj=utm +zone=32 +a=6378249.2 +b=6356515 +units=m +no_defs', NULL, 'http://spatialreference.org/ref/epsg/22332', 'YES'),
(246, 'NO', 1, NULL, NULL, '2010-11-17 14:18:05', NULL, NULL, 'EPSG:4223', '+title=Carthage (Deg) +proj=longlat +a=6378249.2 +b=6356515 +no_defs', NULL, 'http://spatialreference.org/ref/epsg/4223', 'YES'),
(245, 'NO', 1, NULL, NULL, '2010-11-17 14:18:05', NULL, NULL, 'SR-ORG:28', '+title=Lambert Azimutha Equal Area +proj=laea +lat_0=45.5 +lon_0=-114.125 +x_0=0 +y_0=0 +a=6371007.181 +b=6371007.181 +units=m +no_defs', NULL, 'http://spatialreference.org/ref/sr-org/28', 'YES'),
(244, 'NO', 1, NULL, NULL, '2010-11-17 14:18:05', NULL, NULL, 'EPSG:32537', '+title=WGS72 BE UTM +proj=utm +zone=37 +south +ellps=WGS72 +towgs84=0,0,1.9,0,0,0.814,-0.38 +units=m +no_defs', NULL, 'http://spatialreference.org/ref/epsg/32537', 'YES'),
(243, 'NO', 1, NULL, NULL, '2010-11-17 14:18:05', NULL, NULL, 'EPSG:3037', '+title=Moznet UTM +proj=utm +zone=37 +south +ellps=WGS84 +towgs84=0,0,0,-0,-0,-0,0 +units=m +no_defs', NULL, 'http://spatialreference.org/ref/epsg/3037', 'YES'),
(242, 'NO', 1, NULL, NULL, '2010-11-17 14:18:05', NULL, NULL, 'EPSG:2105', '+title=Mount Eden NZGD2000 +proj=tmerc +lat_0=-36.87972222222222 +lon_0=174.7641666666667 +k=0.9999 +x_0=400000 +y_0=800000 +ellps=GRS80 +towgs84=0,0,0,0,0,0,0 +units=m +no_defs', NULL, 'http://spatialreference.org/ref/epsg/2105', 'YES'),
(241, 'NO', 1, NULL, NULL, '2010-11-17 14:18:05', NULL, NULL, 'EPSG:4210', '+title=Arc 1960 (deg)  +proj=longlat +ellps=clrk80 +towgs84=-157.0,-2.0,-299.0,0.0,0.0,0.0,0.0 +no_defs', NULL, 'http://spatialreference.org/ref/epsg/4210', 'YES'),
(239, 'NO', 1, NULL, NULL, '2010-11-17 14:18:05', NULL, NULL, 'EPSG:4807', '+title=NTF (Paris) +proj=longlat +a=6378249.2 +b=6356515 +towgs84=-168,-60,320,0,0,0,0 +pm=paris +no_defs', NULL, 'http://spatialreference.org/ref/epsg/4807', 'YES'),
(240, 'NO', 1, NULL, NULL, '2010-11-17 14:18:05', NULL, NULL, 'EPSG:21035', '+title=Arc 1960 UTM +proj=utm +zone=35 +south +ellps=clrk80 +units=m +no_defs', NULL, 'http://spatialreference.org/ref/epsg/21035', 'YES'),
(238, 'NO', 1, NULL, NULL, '2010-11-17 14:18:05', NULL, NULL, 'EPSG:22780', '+title=Deir ez Zor Levant Stereographic +proj=sterea +lat_0=34.2 +lon_0=39.15 +k=0.9995341 +x_0=0 +y_0=0 +a=6378249.2 +b=6356515 +units=m +no_defs', NULL, 'http://spatialreference.org/ref/epsg/22780', 'YES'),
(237, 'NO', 1, NULL, NULL, '2010-11-17 14:18:05', NULL, NULL, 'EPSG:3031', '+title=Antarctic Polar Stereographic +proj=stere +lat_0=-90 +lat_ts=-71 +lon_0=0 +k=1 +x_0=0 +y_0=0 +ellps=WGS84 +datum=WGS84 +units=m +no_defs', NULL, 'http://spatialreference.org/ref/epsg/3031', 'YES'),
(275, 'NO', 1, NULL, NULL, '2010-11-17 14:18:05', NULL, NULL, 'ESRI:102258', '+title=NAD 1983 HARN Florida East +proj=tmerc +lat_0=24.33333333333333 +lon_0=-81 +k=0.9999411764705882 +x_0=200000 +y_0=0 +ellps=GRS80 +units=m +no_defs', NULL, 'http://spatialreference.org/ref/esri/102258', 'YES'),
(276, 'NO', 1, NULL, NULL, '2010-11-17 14:18:05', NULL, NULL, 'ESRI:102259', '+title=NAD 1983 HARN Florida West +proj=tmerc +lat_0=24.33333333333333 +lon_0=-82 +k=0.9999411764705882 +x_0=200000 +y_0=0 +ellps=GRS80 +units=m +no_defs', NULL, 'http://spatialreference.org/ref/esri/102259', 'YES'),
(277, 'NO', 1, NULL, NULL, '2010-11-17 14:18:05', NULL, NULL, 'ESRI:102260', '+title=NAD 1983 HARN Florida North +proj=lcc +lat_1=29.58333333333333 +lat_2=30.75 +lat_0=29 +lon_0=-84.5 +x_0=600000 +y_0=0 +ellps=GRS80 +units=m +no_defs', NULL, 'http://spatialreference.org/ref/esri/102260', 'YES'),
(278, 'NO', 1, NULL, NULL, '2011-11-17 23:58:50', NULL, NULL, 'EPSG:27700', '+title=British National Grid +proj=tmerc +lat_0=49 +lon_0=-2 +k=0.9996012717 +x_0=400000 +y_0=-100000 +ellps=airy +datum=OSGB36 +units=m +no_defs', NULL, 'http://spatialreference.org/ref/epsg/27700', 'YES'),
(279, 'NO', 1, NULL, NULL, '2011-11-18 00:43:00', NULL, NULL, 'EPSG:20248', '+title=Australian Map Grid (AMG) +proj=utm +zone=48 +south +ellps=aust_SA +units=m +no_defs', NULL, 'http://spatialreference.org/ref/epsg/20248', 'YES'),
(280, 'NO', 1, NULL, NULL, '2011-11-18 01:22:42', NULL, NULL, 'EPSG:2053', '+title=Hartebeesthoek 1994 / Lo29 +proj=tmerc +lon_0=29 +lat_0=0 +x_0=0 +y_0=0 +ellips=WGS84 +datum=WGS84 +units=m +no_defs', NULL, 'http://spatialreference.org/ref/epsg/2053', 'YES'),
(281, 'NO', 1, NULL, NULL, '2011-11-18 01:33:14', NULL, NULL, 'EPSG:3337', '+title=Le Pouce 1934 / Mauritius grid +proj=lcc +lat_1=-20.19506944444445 +lat_0=-20.19506944444445 +lon_0=57.52182777777778 +k_0=1 +x_0=1000000 +y_0=1000000 +ellps=clrk80 +towgs84=-770.1,158.4,-498.2,0,0,0,0 +units=m +no_defs', NULL, 'http://spatialreference.org/ref/epsg/3337', 'YES'),
(282, 'NO', 1, NULL, NULL, '2012-04-05 02:32:16', NULL, NULL, 'EPSG:32161', '+title=NAD 1983 Puerto Rico and Birgin Is +proj=lcc +lat_1=18.43333333333333 +lat_2=18.03333333333333 +lat_0=17.83333333333333 +lon_0=-66.43333333333334 +x_0=200000 +y_0=200000 +ellps=GRS80 +datum=NAD83 +units=m +no_defs', NULL, 'http://spatialreference.org/ref/epsg/32161', 'YES'),
(283, 'NO', 1, NULL, NULL, '2012-04-05 02:32:16', NULL, NULL, 'EPSG:3035', '+title=ETRS 89 / ETRS-LAEA +proj=laea +lat_0=52 +lon_0=10 +x_0=4321000 +y_0=3210000 +ellps=GRS80 +units=m +no_defs', NULL, 'http://spatialreference.org/ref/epsg/3035', 'YES'),
(284, 'NO', 1, NULL, NULL, '2012-04-05 02:32:16', NULL, NULL, 'EPSG:24879', '+title=PSAD 56 (UTM) +proj=utm +zone=19 +south +ellps=intl +units=m +no_defs', NULL, 'http://spatialreference.org/ref/epsg/24879', 'YES'),
(285, 'NO', 1, NULL, NULL, '2012-04-05 02:32:16', NULL, NULL, 'SR-ORG:6810', '+title=NAD 27 LCC +proj=lcc +lat_1=14.25 +lat_2=13.3166667 +lat_0=13.7833333 +lon_0=-89 +x_0=500000 +y_0=295809.184 +ellps=clrk66 +datum=NAD27 +units=m +no_defs', NULL, 'http://spatialreference.org/ref/sr-org/6810', 'YES'),
(286, 'NO', 1, NULL, NULL, '2012-04-05 02:32:16', NULL, NULL, 'ESRI:37231', '+title=GCS Anna 1 1965 +proj=longlat +ellps=aust_SA +no_defs', NULL, 'http://spatialreference.org/ref/esri/37231', 'YES'),
(287, 'NO', 1, NULL, NULL, '2012-04-05 02:32:16', NULL, NULL, 'EPSG:3798', '+title=NAD 83 MTQ Lambert +proj=lcc +lat_1=50 +lat_2=46 +lat_0=44 +lon_0=-70 +x_0=800000 +y_0=0 +ellps=GRS80 +datum=NAD83 +units=m +no_defs', NULL, 'http://spatialreference.org/ref/epsg/3798', 'YES'),
(288, 'NO', 1, NULL, NULL, '2012-04-05 02:32:16', NULL, NULL, 'ESRI:102014', '+title=Europe LCC +proj=lcc +lat_1=43 +lat_2=62 +lat_0=30 +lon_0=10 +x_0=0 +y_0=0 +ellps=intl +units=m +no_defs', NULL, 'http://spatialreference.org/ref/esri/102014', 'YES'),
(289, 'NO', 1, NULL, NULL, '2012-04-05 02:32:16', NULL, NULL, 'SR-ORG:6971', '+title=GB national grid w Helmert +proj=tmerc +lat_0=49 +lon_0=-2 +k=0.9996012717 +x_0=400000 +y_0=-100000 +a=6377563 +b=6356256.161 +towgs84=446.448,-125.157,542.060,0.1502,0.2470,0.8421,-20.4894 +units=m +no_defs', NULL, 'http://spatialreference.org/ref/sr-org/6971', 'YES'),
(290, 'NO', 1, NULL, NULL, '2012-04-05 02:32:16', NULL, NULL, 'EPSG:20538', '+title=Afgooye UTM +proj=utm +zone=38 +ellps=krass +towgs84=-43,-163,45,0,0,0,0 +units=m +no_defs', NULL, 'http://spatialreference.org/ref/epsg/20538', 'YES'),
(291, 'NO', 1, NULL, NULL, '2012-04-05 02:32:16', NULL, NULL, 'EPSG:3450', '+title=JAD 2001 UTM +proj=utm +zone=18 +ellps=WGS84 +towgs84=0,0,0,0,0,0,0 +units=m +no_defs', NULL, 'http://spatialreference.org/ref/epsg/3450', 'YES'),
(292, 'NO', 1, NULL, NULL, '2012-04-05 02:32:16', NULL, NULL, 'EPSG:25831', '+title=ETRS89 (UTM) +proj=utm +zone=31 +ellps=GRS80 +units=m +no_defs', NULL, 'http://spatialreference.org/ref/epsg/25831', 'YES'),
(293, 'NO', 1, NULL, NULL, '2012-04-05 02:32:16', NULL, NULL, 'EPSG:2596', '+title=Pulkovo 1942 CM63E +proj=tmerc +lat_0=0 +lon_0=63 +k=1 +x_0=500000 +y_0=0 +ellps=krass +units=m +no_defs', NULL, 'http://spatialreference.org/ref/epsg/2596', 'YES'),
(294, 'NO', 1, NULL, NULL, '2012-04-05 02:32:16', NULL, NULL, 'EPSG:26986', '+title=NAD 1983 Massachusetts +proj=lcc +lat_1=42.68333333333333 +lat_2=41.71666666666667 +lat_0=41 +lon_0=-71.5 +x_0=200000 +y_0=750000 +ellps=GRS80 +datum=NAD83 +units=m +no_defs', NULL, 'http://spatialreference.org/ref/epsg/26986', 'YES'),
(295, 'NO', 1, NULL, NULL, '2012-04-05 02:32:16', NULL, NULL, 'EPSG:29850', '+title=Timbalai 1948 UTM +proj=utm +zone=50 +ellps=evrstSS +units=m +no_defs', NULL, 'http://spatialreference.org/ref/epsg/29850', 'YES'),
(296, 'NO', 1, NULL, NULL, '2012-04-05 02:32:16', NULL, NULL, 'EPSG:29873', '+title=Timbalai 1948 RSO Borneo (m) +proj=omerc +lat_0=4 +lonc=115 +alpha=53.31582047222222 +k=0.99984 +x_0=590476.87 +y_0=442857.65 +ellps=evrstSS +units=m +no_defs', NULL, 'http://spatialreference.org/ref/epsg/29873', 'YES'),
(297, 'NO', 1, NULL, NULL, '2012-04-05 02:32:16', NULL, NULL, 'EPSG:3308', '+title=GDA94 NSW Lambert +proj=lcc +lat_1=-30.75 +lat_2=-35.75 +lat_0=-33.25 +lon_0=147 +x_0=9300000 +y_0=4500000 +ellps=GRS80 +towgs84=0,0,0,0,0,0,0 +units=m +no_defs', NULL, 'http://spatialreference.org/ref/epsg/3308', 'YES'),
(298, 'NO', 1, NULL, NULL, '2012-04-05 02:32:16', NULL, NULL, 'EPSG:4248', '+title=PSAD 56 +proj=longlat +ellps=intl +no_defs', NULL, 'http://spatialreference.org/ref/epsg/4248', 'YES'),
(299, 'NO', 1, NULL, NULL, '2012-04-05 02:32:16', NULL, NULL, 'EPSG:4284', '+title=Pulkovo 1942 +proj=longlat +ellps=krass +no_defs', NULL, 'http://spatialreference.org/ref/epsg/4284', 'YES'),
(300, 'NO', 1, NULL, NULL, '2012-04-05 02:32:16', NULL, NULL, 'ESRI:102591', '+title=Nord Algerie +proj=lcc +lat_1=36 +lat_0=36 +lon_0=2.7 +k_0=0.999625544 +x_0=500135 +y_0=300090 +ellps=clrk80 +units=m +no_defs', NULL, 'http://spatialreference.org/ref/esri/102591', 'YES'),
(301, 'NO', 1, NULL, NULL, '2012-04-05 02:32:16', NULL, NULL, 'ESRI:104305', '+title=GCS Voirol Unifie 1960 +proj=longlat +ellps=clrk80 +no_defs', NULL, 'http://spatialreference.org/ref/esri/104305', 'YES'),
(302, 'NO', 1, NULL, NULL, '2012-04-05 02:32:16', NULL, NULL, 'SR-ORG:6832', '+title=UK national grid +proj=tmerc +lat_0=49 +lon_0=-2 +k=0.9996012717 +x_0=400000 +y_0=-100000 +ellps=airy +units=m +no_defs', NULL, 'http://spatialreference.org/ref/sr-org/6832', 'YES'),
(303, 'NO', 1, NULL, NULL, '2012-04-24 18:02:59', NULL, NULL, 'ESRI:102719', '+title=NAD 1983 StatePlane North Carolina +proj=lcc +lat_1=34.33333333333334 +lat_2=36.16666666666666 +lat_0=33.75 +lon_0=-79 +x_0=609601.2199999999 +y_0=0 +ellps=GRS80 +datum=NAD83 +to_meter=0.3048006096012192 +no_defs', NULL, 'http://spatialreference.org/ref/esri/102719', 'YES'),
(304, 'NO', 1, NULL, NULL, '2012-06-01 07:00:09', NULL, NULL, 'ESPG:22281', '+title=Cape / Lo21 +proj=tmerc +lat_0=0 +lon_0=21 +k=1 +x_0=0 +y_0=0 +axis=swu +a=6378249.145 +b=6356514.966398753 +towgs84=-136,-108,-292,0,0,0,0 +units=m +no_defs', NULL, 'http://spatialreference.org/ref/epsg/22281', 'YES'),
(305, 'NO', 1, NULL, NULL, '2012-06-02 04:20:39', NULL, NULL, 'ESRI:102285', '+title=NAD 1983 StatePlane Maryland +proj=lcc +lat_1=38.3 +lat_2=39.45 +lat_0=37.66666666666666 +lon_0=-77 +x_0=400000 +y_0=0 +ellps=GRS80 +units=m +no_defs', NULL, 'http://spatialreference.org/ref/esri/102285', 'YES'),
(306, 'NO', 1, NULL, NULL, '2012-09-13 20:15:46', NULL, NULL, 'EPSG:5186', '+title=Korea 2000 / Central Belt 2010 +proj=tmerc +lat_0=38 +lon_0=127 +k=1 +x_0=200000 +y_0=600000 +ellps=GRS80 +towgs84=0,0,0,0,0,0,0 +units=m +no_def', NULL, 'http://spatialreference.org/ref/epsg/5186', 'YES'),
(307, 'NO', 1, NULL, NULL, '2013-01-07 00:36:50', NULL, NULL, 'SR-ORG:6731', '+title=GTM +proj=tmerc +lat_0=0 +lon_0=-90.5 +k=0.9998 +x_0=500000 +y_0=0 +ellps=WGS84 +units=m +no_defs', NULL, 'http://spatialreference.org/ref/sr-org/6731', 'YES'),
(309, 'NO', 1, NULL, NULL, '2013-01-07 01:08:57', NULL, NULL, 'EPSG:3120', '+title=Pulkovo 1942(58) +proj=sterea +lat_0=50.625 +lon_0=21.08333333333333 +k=0.9998 +x_0=4637000 +y_0=5467000 +ellps=krass +towgs84=33.4,-146.6,-76.3,-0.359,-0.053,0.844,-0.84 +units=m +no_defs', NULL, 'http://spatialreference.org/ref/epsg/3120/', 'YES'),
(308, 'NO', 1, NULL, NULL, '2013-01-07 01:08:57', NULL, NULL, 'EPSG:2180', '+title=Poland cs92 +proj=tmerc +lat_0=0 +lon_0=19 +k=0.9993 +x_0=500000 +y_0=-5300000 +ellps=GRS80 +units=m +no_defs', NULL, 'http://spatialreference.org/ref/epsg/2180/', 'YES'),
(310, 'NO', 1, NULL, NULL, '2013-02-07 17:47:12', NULL, NULL, 'EPSG:4226', '+title=Côte dIvoire +proj=longlat +a=6378249.2 +b=6356515 +no_defs', NULL, 'http://spatialreference.org/ref/epsg/4226', 'YES'),
(311, 'NO', 1, NULL, NULL, '2013-03-23 00:51:12', NULL, NULL, 'EPSG:23846', '+title=ID74 UTM +proj=utm +zone=46 +a=6378160 +b=6356774.50408554 +units=m +no_defs', NULL, 'http://spatialreference.org/ref/epsg/23846', 'YES'),
(312, 'NO', 1, NULL, NULL, '2013-10-08 03:55:44', NULL, NULL, 'SR-ORG:7483', '+title=WGS84 Web Mercator (Auxiliary Sphere) +proj=merc +a=6378137 +b=6378137 +lat_ts=0.0 +lon_0=0.0 +x_0=0.0 +y_0=0 +k=1.0 +units=m +nadgrids=@null +wktext  +no_defs', NULL, 'http://spatialreference.org/ref/sr-org/7483', 'YES'),
(313, 'NO', 1, NULL, NULL, '2013-10-13 00:02:31', NULL, NULL, 'EPSG:3386', '+title=KKJ Zone 0 +proj=tmerc +lat_0=0 +lon_0=18 +k=1 +x_0=500000 +y_0=0 +ellps=intl +units=m +no_defs', NULL, 'http://spatialreference.org/ref/epsg/3386/', 'YES'),
(314, 'NO', 1, NULL, NULL, '2013-10-13 00:02:31', NULL, NULL, 'EPSG:2391', '+title=KKJ Zone 1 +proj=tmerc +lat_0=0 +lon_0=21 +k=1 +x_0=1500000 +y_0=0 +ellps=intl +units=m +no_defs', NULL, 'http://spatialreference.org/ref/epsg/2391/', 'YES'),
(315, 'NO', 1, NULL, NULL, '2013-10-13 00:02:31', NULL, NULL, 'EPSG:2392', '+title=KKJ Zone 2 +proj=tmerc +lat_0=0 +lon_0=24 +k=1 +x_0=2500000 +y_0=0 +ellps=intl +units=m +no_defs', NULL, 'http://spatialreference.org/ref/epsg/2392/', 'YES'),
(316, 'NO', 1, NULL, NULL, '2013-10-13 00:02:31', NULL, NULL, 'EPSG:2394', '+title=KKJ Zone 4 +proj=tmerc +lat_0=0 +lon_0=30 +k=1 +x_0=4500000 +y_0=0 +ellps=intl +units=m +no_defs', NULL, 'http://spatialreference.org/ref/epsg/2394/', 'YES'),
(317, 'NO', 1, NULL, NULL, '2013-10-13 00:02:31', NULL, NULL, 'EPSG:3387', '+title=KKJ Zone 5 +proj=tmerc +lat_0=0 +lon_0=33 +k=1 +x_0=5500000 +y_0=0 +ellps=intl +units=m +no_defs', NULL, 'http://spatialreference.org/ref/epsg/3387/', 'YES'),
(318, 'NO', 1, NULL, NULL, '2013-10-23 03:39:45', NULL, NULL, 'EPSG:6372', '+title=Mexico ITRF2008 +proj=lcc +lat_1=17.5 +lat_2=29.5 +lat_0=12 +lon_0=-102 +x_0=2500000 +y_0=0 +ellps=GRS80 +towgs84=0,0,0,0,0,0,0 +units=m +no_defs', NULL, 'http://spatialreference.org/ref/sr-org/6700', 'YES'),
(319, 'NO', 1, NULL, NULL, '2013-12-09 20:25:23', NULL, NULL, 'EPSG:2054', '+title=Hartebeesthoek 1994 / Lo31 +proj=tmerc +lat_0=0 +lon_0=31 +k=1 +x_0=0 +y_0=0 +ellps=WGS84 +towgs84=0,0,0,0,0,0,0 +units=m +no_defs', NULL, 'http://spatialreference.org/ref/epsg/2054/', 'YES'),
(320, 'NO', 1, NULL, NULL, '2013-12-16 18:06:33', NULL, NULL, 'SR-ORG:7808', '+title=Map Grid of Australia (MGA) +proj=utm +zone=55 +k=0.9996 +x_0=500000 +y_0=10000000 +ellps=GRS80 +units=m +no_defs', NULL, 'http://spatialreference.org/ref/sr-org/7808/', 'YES'),
(321, 'NO', 1, NULL, NULL, '2013-12-23 21:24:12', NULL, NULL, 'EPSG:22289', '+title=Cape / Lo29 +proj=tmerc +lat_0=0 +lon_0=29 +k=1 +x_0=0 +y_0=0 +axis=swu +a=6378249.145 +b=6356514.966398753 +towgs84=-136,-108,-292,0,0,0,0 +units=m +no_defs', NULL, 'http://spatialreference.org/ref/epsg/22289/', 'YES'),
(322, 'NO', 1, NULL, NULL, '2013-12-23 21:24:12', NULL, NULL, 'EPSG:22291', '+title=Cape / Lo31 +proj=tmerc +lat_0=0 +lon_0=31 +k=1 +x_0=0 +y_0=0 +axis=swu +a=6378249.145 +b=6356514.966398753 +towgs84=-136,-108,-292,0,0,0,0 +units=m +no_defs', NULL, 'http://spatialreference.org/ref/epsg/22291/', 'YES'),
(323, 'NO', 1, NULL, NULL, '2013-12-23 21:24:12', NULL, NULL, 'EPSG:22293', '+title=Cape / Lo33 +proj=tmerc +lat_0=0 +lon_0=33 +k=1 +x_0=0 +y_0=0 +axis=swu +a=6378249.145 +b=6356514.966398753 +towgs84=-136,-108,-292,0,0,0,0 +units=m +no_defs', NULL, 'http://spatialreference.org/ref/epsg/22293/', 'YES'),
(324, 'NO', 1, NULL, NULL, '2013-12-23 23:40:19', NULL, NULL, 'SR-ORG:7765', '+title=Kandawala / Sri Lanka Grid +proj=tmerc +lat_0=7.000480277777775 +lon_0=80.77171111111112 +k=0.9999238418 +x_0=200000 +y_0=200000 +a=6377276.345 +b=6356075.41314024 +towgs84=-97.0,787.0,86.0,0.0,0.0,0.0,0.0 +units=m +no_defs', NULL, 'http://spatialreference.org/ref/sr-org/7765/', 'YES'),
(325, 'NO', 1, NULL, NULL, '2013-12-23 23:40:19', NULL, NULL, 'SR-ORG:6709', '+title=Sri Lanka +proj=tmerc +lat_0=7.00048 +lon_0=80.77171 +k=0.9999238418 +x_0=200000 +y_0=200000 +a=6377276.345 +b=6356075.41314024 +units=m +no_defs', NULL, 'http://spatialreference.org/ref/sr-org/6709/', 'YES'),
(326, 'NO', 1, NULL, NULL, '2014-01-03 06:13:54', NULL, NULL, 'EPSG:3367', '+title=IGN Astro 1960 (UTM) +proj=utm +zone=28 +ellps=clrk80 +units=m +no_defs', NULL, 'http://spatialreference.org/ref/epsg/3367/', 'YES'),
(327, 'NO', 1, NULL, NULL, '2014-01-03 06:13:54', NULL, NULL, 'EPSG:3343', '+title=Mauritania 1999 (UTM) +proj=utm +zone=28 +ellps=GRS80 +towgs84=0,0,0,0,0,0,0 +units=m +no_defs', NULL, 'http://spatialreference.org/ref/epsg/3343/', 'YES'),
(328, 'NO', 1, NULL, NULL, '2014-01-03 06:13:54', NULL, NULL, 'EPSG:4680', '+title=Nouakchott 1965 +proj=longlat +ellps=clrk80 +towgs84=124.5,-63.5,-281,0,0,0,0 +no_defs', NULL, 'http://spatialreference.org/ref/epsg/4680/', 'YES'),
(329, 'NO', 1, NULL, NULL, '2014-01-17 18:19:26', NULL, NULL, 'EPSG:22279', '+title=Cape / Lo19 +proj=tmerc +lat_0=0 +lon_0=19 +k=1 +x_0=0 +y_0=0 +axis=swu +a=6378249.145 +b=6356514.966398753 +towgs84=-136,-108,-292,0,0,0,0 +units=m +no_defs', NULL, 'http://www.spatialreference.org/ref/epsg/22279/', 'YES');

